project_type,planned_duration_days,actual_duration_days,budget_planned,budget_actual,weather_delays,labor_shortage,material_delays,design_changes,subcontractor_issues,delayed,cost_overrun_pct
Infrastructure,293,308,1779428.0,5682425.0,12,0,0,6,1,0,47.98
Infrastructure,218,236,1207294.0,1759898.0,17,1,0,0,1,1,54.18
Industrial,37,52,3233395.0,3612385.0,4,1,1,2,0,0,46.37
Industrial,133,150,2339311.0,4171775.0,5,0,1,7,1,1,53.43
Infrastructure,254,291,2060713.0,2418330.0,20,1,1,14,1,1,112.96
Industrial,63,86,3004975.0,5290277.0,18,1,1,8,0,1,69.22
Industrial,265,275,2507211.0,5880839.0,3,1,0,2,0,0,31.81
Commercial,257,272,1587073.0,3013240.0,6,1,1,0,0,0,46.53
Industrial,217,228,2839400.0,2404780.0,3,0,1,0,1,0,34.37
Residential,342,361,3380543.0,2884434.0,24,1,0,6,0,1,57.79
Residential,51,70,230796.0,5131147.0,10,0,1,4,1,1,58.84
Residential,69,78,2382771.0,3908264.0,11,0,0,12,0,0,27.27
Infrastructure,202,215,382648.0,364157.0,13,0,0,13,0,0,41.89
Residential,208,218,1013387.0,3298802.0,12,0,1,0,0,0,30.21
Commercial,115,133,2846493.0,202071.0,28,0,1,5,0,1,54.82
Residential,162,188,4344326.0,4693359.0,9,1,0,13,1,1,79.6
Infrastructure,42,66,4425748.0,2037042.0,17,1,0,5,1,1,72.76
Commercial,57,77,442726.0,2884844.0,15,0,1,13,0,1,60.44
Residential,113,129,2153615.0,4812201.0,4,1,0,3,1,0,49.97
Commercial,347,365,2956732.0,374048.0,7,1,0,6,1,1,54.75
Commercial,309,321,820643.0,1035395.0,13,0,1,6,0,0,37.6
Infrastructure,292,312,3850618.0,2447966.0,4,0,1,11,1,1,61.65
Infrastructure,195,221,3746753.0,1456558.0,25,1,1,8,0,1,80.51
Commercial,322,350,4526371.0,2093618.0,27,1,1,11,0,1,85.99
Residential,97,117,141581.0,5989231.0,23,1,1,0,0,1,60.78
Infrastructure,255,278,1161753.0,4969945.0,7,1,1,4,1,1,69.54
Commercial,199,213,4153215.0,5315021.0,24,0,0,14,0,0,42.87
Industrial,115,138,3385842.0,5628622.0,25,0,1,9,1,1,70.36
Industrial,162,182,4482510.0,2111522.0,5,1,0,2,1,1,62.82
Infrastructure,207,214,380180.0,1852754.0,15,0,0,6,0,0,22.41
Residential,281,296,3025123.0,1480969.0,27,1,0,3,0,0,47.0
Industrial,44,61,2888328.0,4997690.0,3,1,1,3,0,1,53.54
Industrial,252,274,274805.0,4109356.0,11,1,0,12,0,1,68.72
Industrial,230,245,2616258.0,1493415.0,10,1,0,11,0,0,46.72
Residential,136,143,3086650.0,2324264.0,2,0,1,0,0,0,21.84
Residential,279,292,1037337.0,3089599.0,11,1,1,0,0,0,41.86
Infrastructure,118,141,1439315.0,3216026.0,29,1,1,9,0,1,69.72
Infrastructure,154,162,3237702.0,5343494.0,4,1,0,1,0,0,24.39
Industrial,142,163,2394675.0,2345340.0,5,1,0,14,0,1,63.07
Residential,166,181,4304267.0,5460292.0,18,0,1,1,1,0,47.41
Commercial,276,294,1777671.0,2704069.0,17,1,0,0,1,1,54.57
Industrial,195,218,1406632.0,4503599.0,15,1,1,7,0,1,71.44
Infrastructure,179,187,4925843.0,5588500.0,22,0,0,5,0,0,24.37
Residential,97,120,4564565.0,5454697.0,10,1,1,5,0,1,70.59
Infrastructure,250,264,242064.0,436022.0,4,1,0,9,0,0,44.42
Infrastructure,300,317,3876570.0,1313655.0,8,1,0,9,0,1,52.68
Residential,350,360,640640.0,2913742.0,2,0,1,8,0,0,30.58
Industrial,339,362,234677.0,2646170.0,29,1,0,4,1,1,69.59
Residential,49,69,1441108.0,3881261.0,7,1,0,14,0,1,60.26
Industrial,318,332,1419795.0,5673783.0,5,0,1,3,1,0,42.11
Infrastructure,129,141,4114662.0,763188.0,3,0,0,14,0,0,37.79
Residential,281,289,3582270.0,2765966.0,11,0,0,10,0,0,26.17
Commercial,106,123,4909886.0,1235225.0,11,1,0,5,0,1,52.99
Industrial,164,177,3586413.0,5375235.0,24,1,0,7,0,0,40.6
Commercial,202,216,2149452.0,5791023.0,20,0,0,13,0,0,44.69
Industrial,230,240,3524746.0,2924340.0,15,0,1,0,0,0,30.26
Residential,246,259,4997349.0,713661.0,9,0,1,6,0,0,39.11
Commercial,237,253,3579695.0,4733239.0,21,1,0,7,0,0,50.22
Residential,103,118,3832239.0,4213134.0,13,0,0,8,1,0,45.41
Industrial,40,65,4697989.0,2192558.0,12,0,1,10,1,1,76.57
Industrial,316,326,656891.0,5335704.0,8,0,1,7,0,0,32.57
Industrial,285,297,3553443.0,5857408.0,6,1,0,6,0,0,37.16
Industrial,41,49,4268949.0,3391338.0,11,0,1,2,0,0,26.1
Infrastructure,107,119,4776455.0,3437795.0,4,0,1,1,1,0,37.22
Industrial,201,224,1133750.0,1855330.0,17,1,0,14,0,1,69.86
Commercial,125,128,2569252.0,3548586.0,3,0,0,2,0,0,10.14
Industrial,335,339,3434719.0,2693890.0,1,0,0,3,0,0,14.19
Residential,302,321,1312592.0,1882927.0,2,1,1,3,0,1,57.03
Infrastructure,208,225,3042317.0,496393.0,25,0,1,5,0,0,52.12
Commercial,93,122,1362136.0,1590976.0,11,1,1,11,1,1,87.53
Infrastructure,161,175,1733939.0,1267342.0,2,0,0,6,1,0,42.5
Infrastructure,301,324,2263442.0,3298048.0,3,1,1,11,0,1,71.94
Infrastructure,348,360,2693031.0,3649853.0,5,0,1,3,0,0,37.4
Residential,361,382,2301893.0,3690573.0,11,1,1,9,0,1,64.94
Infrastructure,138,145,2516658.0,2390268.0,18,0,0,5,0,0,21.35
Infrastructure,302,325,1563085.0,2585255.0,9,0,1,8,1,1,69.26
Industrial,197,221,878929.0,5022007.0,29,1,0,13,0,1,72.77
Residential,209,226,332015.0,2909774.0,0,1,1,5,0,0,52.48
Commercial,87,110,1060296.0,5927863.0,16,0,1,13,0,1,69.66
Commercial,108,124,2951524.0,2693742.0,15,1,0,2,1,0,48.77
Commercial,90,98,3951966.0,3932528.0,8,0,1,0,0,0,25.68
Residential,150,172,929313.0,397142.0,24,1,0,10,0,1,66.24
Commercial,236,258,631921.0,3954706.0,20,0,1,9,0,1,67.17
Residential,63,78,3771523.0,5123416.0,8,1,0,9,0,0,47.65
Industrial,99,126,1595276.0,5660501.0,26,0,1,12,1,1,81.74
Industrial,46,59,4762347.0,5984192.0,22,0,1,4,0,0,41.13
Residential,49,58,3600158.0,1764854.0,8,0,0,9,0,0,27.83
Commercial,344,361,1701105.0,3494683.0,11,0,1,9,0,1,52.73
Residential,98,120,1518759.0,2759236.0,22,1,0,2,1,1,66.56
Residential,244,260,2666122.0,3426523.0,8,1,0,7,0,0,50.14
Infrastructure,190,214,487809.0,1028972.0,14,1,1,9,0,1,72.02
Residential,131,151,676615.0,5151282.0,1,0,1,14,0,1,60.08
Infrastructure,235,250,961704.0,5466457.0,10,0,1,0,1,0,45.55
Industrial,174,206,3896146.0,2753004.0,10,1,1,10,1,1,97.47
Infrastructure,86,110,2617901.0,1754536.0,7,1,1,1,1,1,74.41
Residential,112,128,151779.0,930917.0,22,0,1,2,0,0,48.78
Industrial,298,314,3400231.0,4134212.0,5,1,1,2,0,0,50.67
Infrastructure,216,241,2176082.0,1942168.0,20,1,0,11,1,1,77.13
Residential,35,53,2603177.0,5466278.0,19,1,0,7,0,1,54.88
Industrial,139,145,1149170.0,4058974.0,6,0,0,4,0,0,20.3
Infrastructure,167,186,2803733.0,3909543.0,2,0,1,7,1,1,57.35
Residential,80,98,4897851.0,3400472.0,7,0,1,10,0,1,56.69
Residential,80,102,459879.0,370080.0,17,0,1,13,0,1,66.54
Commercial,116,135,1491195.0,5598342.0,16,0,0,14,1,1,59.99
Commercial,97,124,1290688.0,3804831.0,10,0,1,14,1,1,81.98
Infrastructure,113,128,1317892.0,5964966.0,1,1,0,10,0,0,45.99
Infrastructure,71,87,1955661.0,3270403.0,24,0,1,5,0,0,48.83
Infrastructure,248,261,4108738.0,4289654.0,20,0,0,14,0,0,39.16
Residential,86,107,4573008.0,431636.0,26,1,0,11,0,1,65.59
Infrastructure,255,277,1090854.0,3827243.0,23,1,1,1,0,1,67.2
Residential,225,253,2760455.0,4611433.0,18,1,1,10,0,1,84.4
Infrastructure,277,287,3220805.0,4693234.0,6,0,0,3,1,0,32.53
Residential,195,219,2656955.0,4643659.0,17,1,0,8,1,1,73.12
Residential,91,109,2226974.0,1435068.0,7,1,0,3,1,1,54.36
Commercial,292,295,1040680.0,5854851.0,13,0,0,4,0,0,9.8
Industrial,141,152,2492275.0,5971575.0,6,1,0,4,0,0,35.96
Residential,282,307,2065953.0,546016.0,27,0,1,9,1,1,77.9
Infrastructure,228,242,3998260.0,5625034.0,20,0,1,7,0,0,43.05
Commercial,207,212,3841661.0,1807750.0,27,0,0,5,0,0,17.69
Infrastructure,55,76,756594.0,4166776.0,26,0,1,9,0,1,64.97
Infrastructure,275,286,533743.0,2094854.0,3,0,0,6,1,0,34.51
Residential,48,69,4549954.0,5809751.0,16,1,0,5,1,1,64.86
Residential,294,306,2723991.0,698873.0,4,0,0,13,0,0,36.93
Industrial,346,377,4303225.0,3036706.0,11,1,1,13,1,1,94.91
Residential,49,68,384940.0,2625482.0,8,1,0,13,0,1,57.58
Residential,135,146,2679927.0,2023538.0,25,0,0,4,0,0,33.62
Industrial,266,286,2743190.0,3908651.0,19,0,0,14,1,1,60.07
Infrastructure,335,354,4317440.0,873229.0,12,1,0,4,1,1,57.2
Industrial,275,288,578289.0,4328308.0,24,1,0,2,0,0,39.18
Industrial,110,125,1278183.0,5885494.0,27,0,1,6,0,0,47.15
Industrial,179,207,2092038.0,4846896.0,17,0,1,12,1,1,84.63
Commercial,39,66,4342623.0,5174099.0,19,1,1,9,1,1,81.14
Infrastructure,350,359,4700528.0,2221857.0,8,0,0,4,1,0,29.66
Commercial,253,266,4964351.0,2016831.0,3,1,0,6,0,0,41.55
Commercial,293,325,4800048.0,3150585.0,20,1,0,14,1,1,97.78
Residential,178,187,129115.0,369787.0,26,0,0,1,1,0,29.19
Industrial,307,319,333771.0,5677613.0,7,0,1,8,0,0,36.57
Industrial,303,312,823273.0,948333.0,0,0,0,7,1,0,29.64
Commercial,223,246,1809424.0,5427777.0,16,1,0,14,0,1,71.41
Residential,201,216,4166598.0,593135.0,24,0,1,4,0,0,45.75
Residential,294,294,4474015.0,4953487.0,8,0,0,1,0,0,-1.46
Residential,339,361,1015489.0,996579.0,19,1,1,5,0,1,69.0
Infrastructure,55,66,3136354.0,324977.0,12,0,0,7,0,0,33.31
Commercial,55,73,4595074.0,4344988.0,1,0,1,6,1,1,55.59
Infrastructure,63,79,2372286.0,1753565.0,12,1,0,7,0,0,48.99
Residential,293,304,607364.0,4315527.0,8,0,1,3,0,0,34.35
Residential,167,198,2343287.0,3375003.0,29,1,0,13,1,1,93.09
Residential,333,350,1941395.0,741964.0,19,1,1,2,0,1,53.6
Industrial,212,217,2930524.0,5599567.0,5,0,0,6,0,0,16.01
Commercial,271,283,2249428.0,2768654.0,27,0,1,1,0,0,38.52
Industrial,83,92,184995.0,4433239.0,0,0,0,13,0,0,28.3
Infrastructure,197,214,4970589.0,3056021.0,27,1,0,4,0,1,53.92
Industrial,148,174,2763347.0,3665733.0,24,0,1,12,1,1,78.4
Commercial,172,191,2420791.0,1886364.0,4,1,1,6,0,1,59.64
Industrial,110,121,4777625.0,1282126.0,2,1,0,0,1,0,35.64
Residential,274,284,863716.0,3301164.0,3,0,1,3,0,0,32.27
Infrastructure,91,112,1027264.0,2697292.0,0,1,0,14,0,1,63.25
Infrastructure,75,90,4059272.0,2401668.0,13,0,1,1,1,0,47.03
Residential,116,144,1378072.0,4068146.0,8,1,1,5,1,1,84.64
Residential,128,150,4016213.0,4173989.0,29,1,0,11,0,1,66.92
Residential,324,330,1430514.0,370928.0,23,0,1,0,0,0,19.64
Commercial,82,94,262619.0,2098593.0,3,0,1,6,0,0,36.89
Industrial,221,233,2633372.0,2529411.0,17,1,0,2,0,0,37.95
Infrastructure,109,135,1063764.0,671664.0,13,1,1,11,0,1,79.82
Industrial,45,64,3813447.0,1491815.0,24,1,0,0,1,1,57.92
Residential,355,372,3241878.0,404687.0,3,0,1,14,0,0,52.3
Residential,223,249,4625653.0,5977828.0,24,0,1,7,1,1,79.03
Industrial,170,176,3936643.0,4445687.0,9,0,0,6,0,0,19.4
Infrastructure,137,152,985802.0,615956.0,2,1,1,1,0,0,47.4
Commercial,332,349,4020775.0,219471.0,22,0,1,6,0,1,53.07
Industrial,294,303,3244512.0,4343798.0,6,0,1,2,0,0,29.51
Residential,319,351,3377863.0,2691234.0,9,1,0,14,1,1,96.4
Residential,238,249,4178088.0,4742101.0,12,0,0,12,0,0,34.74
Commercial,194,208,2911738.0,5548509.0,3,0,1,8,0,0,44.11
Industrial,349,362,2383417.0,3635872.0,17,0,0,7,1,0,40.51
Commercial,181,195,3219541.0,1203940.0,10,1,0,4,0,0,44.82
Commercial,319,336,1559991.0,4714945.0,24,0,1,6,0,0,51.65
Infrastructure,297,298,994726.0,5739289.0,3,0,0,2,0,0,4.57
Infrastructure,180,195,3121280.0,3523365.0,23,0,1,0,1,0,47.57
Residential,236,256,1245857.0,4123785.0,13,1,1,0,1,1,62.94
Industrial,284,320,491584.0,2091101.0,17,1,1,14,1,1,109.31
Infrastructure,170,176,102716.0,2351013.0,7,0,0,10,0,0,19.88
Residential,125,139,3080765.0,4434462.0,26,0,0,1,1,0,43.85
Industrial,256,268,1874529.0,5573849.0,9,1,0,7,0,0,38.62
Residential,222,237,3786324.0,3811031.0,4,1,1,0,0,0,46.33
Infrastructure,332,356,1938364.0,4760103.0,22,1,0,10,1,1,73.91
Residential,343,368,2481417.0,1112647.0,6,1,1,11,0,1,75.2
Industrial,147,167,2094716.0,1350559.0,11,1,1,4,0,1,61.36
Industrial,34,61,3287816.0,3239005.0,24,1,1,8,0,1,81.27
Residential,272,278,1845082.0,1141670.0,2,0,0,11,0,0,18.44
Industrial,50,65,4822461.0,3846471.0,25,0,0,8,1,0,47.62
Residential,181,191,4687120.0,1820754.0,3,0,1,1,0,0,31.02
Industrial,157,172,4255337.0,4770042.0,9,1,0,6,0,0,47.75
Residential,153,164,4609471.0,4867851.0,3,1,0,10,0,0,34.8
Residential,175,192,2300784.0,2836346.0,14,1,0,0,1,1,52.66
Residential,306,324,2728509.0,1166783.0,28,0,1,2,1,1,54.41
Commercial,339,350,3736254.0,3915972.0,9,0,1,5,0,0,34.85
Industrial,181,203,3511115.0,5957443.0,20,0,1,8,1,1,68.84
Infrastructure,140,169,4464325.0,3773286.0,29,0,1,9,1,1,87.34
Residential,145,155,3610022.0,311071.0,21,1,0,1,0,0,32.74
Commercial,217,236,4989635.0,202034.0,15,1,1,6,0,1,59.98
Infrastructure,86,100,1807678.0,1990136.0,14,0,0,14,0,0,44.7
Residential,280,298,4181689.0,1255124.0,18,0,1,3,1,1,56.83
Infrastructure,179,195,3518411.0,4897002.0,28,1,0,1,0,0,50.44
Commercial,191,195,3487794.0,5084353.0,19,0,0,2,0,0,14.08
Infrastructure,149,174,1696594.0,1625851.0,18,1,1,5,0,1,75.06
Residential,99,115,3949449.0,2021304.0,17,0,0,9,1,0,49.9
Infrastructure,128,147,4511843.0,1493857.0,25,0,1,8,0,1,58.37
Infrastructure,196,213,1170887.0,5459457.0,11,0,0,7,1,0,51.14
Residential,327,344,3164935.0,3065631.0,24,0,0,9,1,1,53.0
Commercial,180,203,2021461.0,3971209.0,15,1,0,13,0,1,70.47
Commercial,355,368,4948786.0,2551344.0,0,0,1,10,0,0,41.32
Infrastructure,31,40,2446281.0,3822984.0,15,0,0,8,0,0,29.57
Industrial,181,193,1218769.0,2376547.0,1,0,1,3,1,0,38.13
Infrastructure,94,106,1971102.0,2104103.0,23,0,0,11,0,0,37.17
Industrial,355,358,3303808.0,3843432.0,14,0,0,3,0,0,9.25
Infrastructure,98,112,472838.0,3587266.0,6,0,0,14,0,0,44.52
Commercial,150,180,3057649.0,1831815.0,27,1,1,8,0,1,90.83
Infrastructure,138,163,4663001.0,981156.0,0,1,1,7,1,1,77.67
Infrastructure,345,359,4266778.0,2274602.0,4,0,0,11,1,0,42.16
Industrial,276,299,431600.0,2549666.0,9,0,1,14,1,1,70.12
Commercial,122,134,4967610.0,3809238.0,21,0,1,1,0,0,37.59
Industrial,297,305,3523762.0,5495720.0,20,0,0,7,0,0,25.19
Infrastructure,132,152,895176.0,313490.0,3,1,1,0,1,1,61.51
Residential,141,161,160839.0,1537600.0,13,1,0,8,0,1,60.78
Infrastructure,350,379,939285.0,1242924.0,12,1,1,8,1,1,87.62
Infrastructure,333,350,4207062.0,3063537.0,0,0,1,12,0,1,53.32
Industrial,91,105,206033.0,2635235.0,15,0,0,14,0,0,42.92
Residential,329,350,1242422.0,4401322.0,22,1,0,7,1,1,63.87
Residential,165,183,3810797.0,1530254.0,8,0,1,10,1,1,56.73
Industrial,84,105,2971942.0,3607540.0,21,0,1,4,1,1,64.13
Commercial,137,161,3935405.0,5314758.0,15,1,1,4,0,1,73.82
Residential,332,353,3756137.0,5472999.0,18,1,0,12,0,1,65.49
Residential,287,300,347947.0,5756829.0,14,1,0,2,0,0,40.94
Industrial,282,288,4473306.0,4662241.0,25,0,0,4,0,0,19.17
Commercial,251,264,1212456.0,5445329.0,13,0,0,3,1,0,39.09
Commercial,196,208,2811623.0,1483732.0,19,0,1,0,0,0,38.42
Infrastructure,189,216,3257012.0,1265728.0,9,1,1,8,1,1,83.42
Infrastructure,195,218,926278.0,138280.0,20,0,1,14,0,1,69.87
Industrial,234,253,4883533.0,4270382.0,11,1,0,9,1,1,59.6
Commercial,296,328,2491964.0,5631056.0,27,1,1,13,0,1,96.74
Industrial,167,175,382449.0,1202919.0,0,0,1,3,0,0,24.77
Infrastructure,277,293,4692584.0,3857967.0,20,0,1,2,1,0,48.44
Industrial,84,99,2972712.0,4504113.0,16,0,1,5,0,0,45.02
Industrial,238,257,3526047.0,5572924.0,8,1,1,0,1,1,57.17
Residential,46,75,2673361.0,3916475.0,22,1,1,4,1,1,87.85
Residential,97,123,4190216.0,5824733.0,18,1,0,14,1,1,79.61
Residential,162,168,262354.0,2133572.0,24,0,0,6,0,0,20.72
Infrastructure,217,228,1415054.0,2164578.0,17,0,1,1,0,0,33.96
Industrial,337,357,2401277.0,3303774.0,27,1,0,9,0,1,60.76
Residential,167,177,475358.0,2362661.0,6,0,0,8,0,0,31.54
Residential,203,218,3558943.0,108412.0,8,1,0,11,0,0,47.49
Residential,126,159,2028951.0,4417455.0,21,1,1,14,0,1,99.45
Infrastructure,200,213,1436073.0,4535131.0,25,0,1,5,0,0,41.17
Infrastructure,183,189,116556.0,4507150.0,20,0,0,1,0,0,19.92
Industrial,212,229,3627169.0,2135622.0,11,0,1,7,0,0,51.04
Industrial,271,285,4185666.0,3181508.0,6,0,1,7,0,0,43.33
Industrial,333,342,2035699.0,2223844.0,13,1,0,0,0,0,27.05
Residential,314,336,2864668.0,194615.0,14,1,0,11,1,1,67.66
Commercial,56,69,1215664.0,3418449.0,14,1,1,0,0,0,41.69
Infrastructure,89,101,3148768.0,830188.0,5,1,0,0,0,0,38.11
Residential,231,250,159474.0,572244.0,20,0,1,11,0,1,57.62
Residential,279,294,2494355.0,4557445.0,13,0,1,3,1,0,47.37
Industrial,98,106,3256607.0,156087.0,1,1,0,3,0,0,24.94
Industrial,50,64,4599140.0,5758150.0,7,0,1,7,0,0,43.01
Residential,181,196,1968546.0,3140007.0,12,1,0,0,1,0,46.83
Infrastructure,131,152,3849432.0,5899797.0,22,1,0,9,1,1,65.28
Infrastructure,124,128,3028666.0,442186.0,5,0,0,2,0,0,12.99
Residential,258,267,4642359.0,3542824.0,4,0,0,10,0,0,28.41
Commercial,154,173,2052051.0,2161030.0,4,1,1,0,0,1,58.44
Commercial,287,315,1663567.0,5076547.0,24,1,1,8,0,1,85.44
Infrastructure,351,365,4446996.0,2231214.0,0,0,1,9,1,0,42.01
Industrial,265,286,341298.0,1636877.0,8,1,0,11,0,1,63.7
Commercial,191,221,768288.0,5159563.0,5,1,1,8,1,1,92.44
Commercial,71,93,503782.0,2310453.0,19,1,1,6,0,1,66.38
Industrial,305,331,4231239.0,199317.0,25,0,1,12,1,1,80.2
Commercial,97,119,151976.0,2402706.0,29,0,1,11,0,1,67.27
Residential,202,220,4322120.0,3961681.0,6,1,0,14,0,1,55.11
Commercial,360,374,2311212.0,1600721.0,8,1,0,7,0,0,44.14
Industrial,154,156,119724.0,2648727.0,4,0,0,0,0,0,8.4
Residential,199,220,2068061.0,434619.0,13,1,1,4,0,1,65.51
Commercial,76,107,1015324.0,3569747.0,4,1,1,14,1,1,95.0
Infrastructure,290,303,3159562.0,4562140.0,7,0,0,13,0,0,41.54
Residential,246,262,3428858.0,2538544.0,6,1,0,1,1,0,49.82
Residential,334,354,2488885.0,2579373.0,12,1,0,12,0,1,61.61
Infrastructure,153,161,298546.0,620867.0,12,0,1,0,0,0,25.11
Infrastructure,322,330,3315031.0,1291451.0,7,0,0,2,1,0,26.96
Commercial,191,204,4225990.0,1012584.0,10,1,0,6,0,0,39.76
Commercial,230,231,3629589.0,2941958.0,27,0,0,0,0,0,4.56
Industrial,304,323,4166794.0,3222608.0,25,0,1,10,0,1,58.32
Industrial,235,253,1082497.0,5698747.0,17,1,1,1,0,1,56.87
Residential,69,95,4455551.0,532066.0,24,1,1,1,1,1,80.62
Infrastructure,302,324,1678748.0,3639221.0,18,1,0,3,1,1,67.27
Infrastructure,217,235,165684.0,3206341.0,5,1,0,14,0,1,56.69
Industrial,122,140,4232619.0,3145775.0,21,0,0,11,1,1,54.79
Residential,71,74,4714924.0,5251640.0,1,0,0,2,0,0,10.0
Residential,136,141,3312235.0,1312677.0,27,0,0,2,0,0,16.48
Industrial,357,372,1234039.0,340562.0,12,0,0,9,1,0,47.72
Industrial,94,115,1333548.0,4066402.0,22,1,1,4,0,1,65.35
Industrial,338,357,2386305.0,2136429.0,24,1,0,2,1,1,59.74
Commercial,164,184,4499372.0,203781.0,27,0,0,10,1,1,62.75
Residential,53,75,833029.0,1583107.0,25,0,1,6,1,1,66.16
Residential,57,76,4147271.0,1925028.0,10,0,1,4,1,1,59.34
Residential,91,96,1527384.0,3739346.0,0,0,1,3,0,0,16.49
Industrial,302,319,4062072.0,1118256.0,23,0,1,11,0,1,52.62
Industrial,258,258,4609329.0,2537021.0,1,0,0,2,0,0,-8.51
Industrial,49,84,2194720.0,2946605.0,29,1,1,14,1,1,107.01
Industrial,32,54,1888748.0,2809501.0,16,0,1,11,0,1,68.14
Infrastructure,247,250,4030884.0,5846251.0,7,0,0,3,0,0,11.29
Industrial,336,353,2694466.0,368475.0,1,1,0,13,0,0,51.47
Commercial,165,184,3453800.0,5710712.0,5,0,0,14,1,1,59.3
Infrastructure,32,60,3151863.0,3533430.0,21,1,0,11,1,1,86.54
Infrastructure,222,222,849155.0,4794794.0,4,0,0,1,0,0,-2.53
Industrial,102,109,4239473.0,2639316.0,15,0,0,0,0,0,23.99
Residential,147,150,1059298.0,2777643.0,7,0,0,2,0,0,10.66
Industrial,183,203,4668183.0,5288026.0,18,1,0,10,0,1,61.21
Residential,238,242,1327799.0,5386014.0,15,0,0,1,0,0,14.38
Industrial,63,80,3696017.0,1508264.0,12,1,0,0,1,0,52.17
Industrial,166,175,1494811.0,1275527.0,25,0,0,0,1,0,29.27
Residential,347,362,1657149.0,3027788.0,19,0,1,1,0,0,47.48
Residential,149,159,1619009.0,5411634.0,6,0,0,12,0,0,30.69
Residential,144,165,3764672.0,2001895.0,15,0,1,12,0,1,64.55
Residential,42,58,2828394.0,3946886.0,22,0,1,8,0,0,50.55
Commercial,98,116,4426467.0,4278095.0,15,0,1,12,0,1,54.89
Residential,362,388,1606126.0,4694181.0,28,0,1,12,0,1,78.01
Industrial,286,291,3490763.0,3427154.0,11,0,0,4,0,0,15.55
Industrial,118,132,3789448.0,2474486.0,13,0,0,8,1,0,44.8
Commercial,76,99,842262.0,5805394.0,23,0,1,7,1,1,71.3
Residential,289,307,2062888.0,3706851.0,17,0,0,12,0,1,54.61
Industrial,257,289,2465806.0,4398535.0,26,1,1,10,0,1,97.61
Commercial,209,241,1842868.0,2135399.0,27,1,1,5,1,1,98.9
Industrial,39,54,1678352.0,4052700.0,17,0,0,0,1,0,45.32
Commercial,313,321,3463457.0,1621006.0,15,0,0,9,0,0,24.93
Commercial,155,170,1157745.0,1546072.0,19,0,1,4,0,0,45.94
Infrastructure,163,182,3576015.0,4316861.0,15,1,0,11,0,1,59.85
Infrastructure,184,184,4681717.0,3176229.0,12,0,0,0,0,0,-3.41
Residential,277,302,2869468.0,4131332.0,25,1,1,6,0,1,77.18
Infrastructure,169,187,3096028.0,1689687.0,28,0,1,9,0,1,56.46
Commercial,347,362,437770.0,3632468.0,8,0,0,13,0,0,45.2
Industrial,205,217,4335937.0,2719209.0,25,0,0,10,0,0,36.63
Industrial,352,369,1498694.0,3622066.0,27,0,1,7,0,0,51.29
Residential,203,234,3113751.0,1816190.0,8,1,1,7,1,1,93.8
Infrastructure,103,117,4897650.0,4321161.0,12,0,1,6,0,0,42.21
Residential,172,201,3017963.0,4854983.0,28,1,1,1,1,1,89.18
Commercial,321,333,3651076.0,1633507.0,3,1,0,4,0,0,37.95
Infrastructure,141,153,2282066.0,1873661.0,8,1,0,3,0,0,38.63
Residential,235,247,395793.0,4000810.0,14,0,1,4,0,0,37.54
Industrial,160,177,4008237.0,4203953.0,13,0,1,9,0,1,53.41
Industrial,139,148,271494.0,4254188.0,18,0,0,8,0,0,29.21
Residential,96,107,3533223.0,4127921.0,11,0,0,14,0,0,35.38
Residential,115,136,212316.0,2417566.0,20,1,1,3,0,1,63.57
Residential,304,328,4325296.0,2429637.0,25,0,0,14,1,1,74.33
Commercial,256,288,872417.0,1603424.0,24,1,1,14,0,1,96.22
Commercial,354,371,2619930.0,1025319.0,5,0,0,11,1,0,52.01
Industrial,39,53,3026038.0,4186207.0,2,1,0,7,0,0,42.01
Commercial,317,323,2341972.0,649814.0,25,0,0,7,0,0,20.17
Commercial,141,151,1769741.0,5632974.0,24,0,1,1,0,0,30.47
Infrastructure,53,88,2392290.0,4977449.0,21,1,1,13,1,1,105.07
Commercial,320,338,1625937.0,5159284.0,19,0,1,5,1,1,55.59
Infrastructure,355,381,2246800.0,5449346.0,15,1,1,4,1,1,78.45
Commercial,197,202,1858674.0,2510769.0,29,0,0,1,0,0,16.44
Industrial,138,155,2874404.0,5095534.0,19,0,0,11,1,1,52.62
Residential,219,248,1265828.0,1032562.0,23,1,1,9,0,1,89.02
Industrial,225,252,4944417.0,227687.0,22,1,1,3,1,1,83.08
Commercial,62,78,2554263.0,4730859.0,16,0,1,6,0,0,50.61
Residential,234,261,1051394.0,541300.0,15,1,1,12,0,1,83.78
Residential,341,352,2437627.0,5932296.0,5,1,0,0,0,0,35.49
Residential,211,233,4345434.0,4081299.0,7,1,0,14,0,1,67.93
Infrastructure,176,197,206853.0,4545353.0,18,0,1,8,1,1,65.45
Industrial,297,319,3429815.0,1550243.0,29,0,0,9,1,1,68.77
Infrastructure,40,60,2785042.0,4075806.0,24,1,0,11,0,1,62.07
Residential,99,125,930834.0,354998.0,25,1,1,0,1,1,79.2
Industrial,285,303,4105635.0,5043172.0,1,0,0,14,1,1,54.46
Industrial,248,267,1907535.0,1100782.0,13,0,1,11,0,1,58.13
Commercial,326,334,1539630.0,4214413.0,21,0,0,4,0,0,26.98
Infrastructure,288,308,4157813.0,1424435.0,11,1,1,6,0,1,61.46
Infrastructure,32,49,3228773.0,503874.0,16,0,1,7,0,0,51.67
Commercial,113,127,4501470.0,2940813.0,27,0,1,1,0,0,43.09
Infrastructure,185,192,3186430.0,1098789.0,26,0,0,3,0,0,22.8
Residential,180,191,3730007.0,4403720.0,14,1,0,1,0,0,33.66
Residential,205,209,4198585.0,1501638.0,17,0,0,3,0,0,12.55
Infrastructure,224,245,368224.0,2120588.0,15,0,0,14,1,1,63.48
Commercial,136,156,3902640.0,3447892.0,12,1,1,5,0,1,60.24
Industrial,163,179,3107162.0,1781313.0,20,1,0,5,0,0,49.43
Infrastructure,305,316,440588.0,2330130.0,16,0,0,11,0,0,35.39
Industrial,184,192,2592032.0,4912168.0,7,0,0,12,0,0,25.0
Commercial,306,319,504045.0,1157338.0,0,1,1,1,0,0,41.8
Industrial,265,287,3706141.0,584989.0,28,1,0,10,0,1,67.23
Commercial,269,290,2777858.0,2037311.0,24,1,1,3,0,1,63.45
Commercial,42,63,4772510.0,2603823.0,25,1,1,3,0,1,63.85
Residential,64,93,997363.0,3301690.0,26,1,1,13,0,1,87.22
Residential,76,89,3069564.0,2297300.0,2,1,1,0,0,0,41.82
Commercial,243,266,1136752.0,4760479.0,15,0,0,14,1,1,70.46
Infrastructure,175,195,3108918.0,331985.0,27,0,1,13,0,1,61.68
Residential,188,198,3640984.0,2647428.0,1,0,1,1,0,0,32.84
Commercial,154,173,3639291.0,2355310.0,14,0,1,13,0,1,58.62
Industrial,139,152,4093863.0,3920713.0,0,0,1,2,1,0,39.88
Industrial,66,77,4282396.0,5801030.0,8,0,0,12,0,0,35.9
Infrastructure,306,334,478631.0,3111215.0,15,1,0,14,1,1,84.92
Industrial,43,64,1782009.0,5922573.0,3,0,1,10,1,1,63.62
Industrial,261,273,3466900.0,1883271.0,11,0,1,4,0,0,38.52
Commercial,345,361,2543073.0,282122.0,0,1,0,10,0,0,48.22
Industrial,153,158,1034312.0,1077413.0,0,0,0,7,0,0,15.51
Industrial,308,322,2808277.0,2431237.0,6,0,0,14,0,0,42.81
Industrial,140,151,2096435.0,1966370.0,17,0,1,5,0,0,34.52
Industrial,153,172,2011188.0,672619.0,22,1,1,2,0,1,57.51
Commercial,59,73,4067793.0,2652695.0,27,0,1,5,0,0,44.47
Industrial,144,159,2097232.0,2094883.0,22,1,0,6,0,0,45.25
Infrastructure,119,131,229627.0,823453.0,14,0,0,5,1,0,38.92
Residential,241,254,384510.0,1847091.0,25,0,0,9,0,0,39.63
Infrastructure,67,78,4295596.0,5329973.0,29,0,0,5,1,0,35.62
Residential,112,136,4806944.0,1882088.0,24,1,1,0,1,1,74.56
Infrastructure,56,73,3473206.0,4312337.0,12,1,0,2,1,0,52.07
Residential,246,274,1885405.0,3711078.0,15,1,1,6,1,1,84.68
Residential,244,260,4699142.0,2620369.0,6,1,1,3,0,0,48.09
Residential,250,268,3347735.0,1510251.0,15,0,1,11,0,1,54.52
Residential,44,54,4237234.0,2277187.0,12,1,0,3,0,0,32.93
Commercial,288,294,3852676.0,3593433.0,13,0,0,6,0,0,20.19
Infrastructure,295,315,1957783.0,2169444.0,16,1,0,8,1,1,60.48
Residential,149,173,2445641.0,1367889.0,11,0,1,13,1,1,74.83
Infrastructure,157,176,1012048.0,787130.0,28,0,1,10,0,1,57.49
Industrial,240,253,1530869.0,5290625.0,23,0,0,12,0,0,41.03
Residential,40,54,3912816.0,2697847.0,23,0,0,12,0,0,44.4
Infrastructure,205,226,4480494.0,3788729.0,19,0,1,14,0,1,65.73
Commercial,162,181,3649856.0,2993421.0,12,1,1,1,0,1,59.36
Infrastructure,354,371,2379351.0,5248142.0,23,0,1,8,0,0,51.84
Residential,349,361,523895.0,3326916.0,19,0,0,2,1,0,37.91
Industrial,43,60,379045.0,2936610.0,14,1,0,5,0,0,51.15
Infrastructure,79,92,1934195.0,5555146.0,23,0,0,3,1,0,40.64
Industrial,101,112,2372726.0,4346169.0,20,1,0,0,0,0,35.88
Commercial,98,126,3084691.0,758144.0,3,1,1,8,1,1,86.49
Infrastructure,45,65,131799.0,1148456.0,21,1,0,10,0,1,62.45
Infrastructure,363,390,4949642.0,4744025.0,1,1,0,14,1,1,82.21
Commercial,85,108,1883301.0,5031523.0,27,0,1,5,1,1,71.96
Commercial,134,144,4255664.0,3316626.0,17,0,0,7,0,0,31.83
Commercial,161,179,2721337.0,3371286.0,1,0,1,14,0,1,55.46
Residential,77,107,739153.0,3828404.0,24,1,0,14,1,1,92.05
Residential,277,288,4008071.0,2690783.0,14,0,1,1,0,0,33.74
Infrastructure,302,310,3578153.0,4113175.0,29,0,0,6,0,0,24.56
Infrastructure,140,158,2684437.0,740039.0,25,0,1,5,0,1,54.41
Infrastructure,355,370,2621310.0,5771548.0,18,1,0,1,1,0,45.18
Industrial,67,78,528650.0,4525913.0,14,0,0,1,1,0,33.07
Commercial,269,291,3313660.0,3823928.0,25,1,1,3,0,1,68.8
Infrastructure,347,352,4565101.0,1966300.0,19,0,0,3,0,0,16.89
Commercial,150,160,556900.0,1049637.0,9,0,0,2,1,0,30.55
Residential,77,101,1391206.0,2515123.0,27,0,1,7,1,1,74.51
Commercial,39,72,4521309.0,4003303.0,23,1,1,13,1,1,100.15
Industrial,262,281,1493285.0,3838887.0,19,1,0,6,0,1,58.3
Industrial,65,67,3304324.0,2357583.0,10,0,0,1,0,0,8.83
Commercial,33,44,2720609.0,3718390.0,25,0,0,2,0,0,33.69
Industrial,73,97,3022005.0,4901115.0,9,1,0,9,1,1,73.74
Industrial,85,104,2137366.0,255080.0,28,0,1,8,0,1,57.3
Residential,71,90,1569958.0,2758664.0,22,0,1,12,0,1,58.86
Infrastructure,284,287,337814.0,4575476.0,4,0,0,4,0,0,11.33
Industrial,257,266,3746977.0,3322252.0,8,0,1,1,0,0,29.1
Infrastructure,143,164,3755858.0,3943709.0,19,0,1,2,1,1,63.99
Commercial,266,284,3386556.0,3148391.0,18,0,1,7,0,1,55.96
Commercial,203,214,3253806.0,5952060.0,12,0,0,3,1,0,35.11
Industrial,284,315,1294214.0,422267.0,17,1,0,13,1,1,94.02
Commercial,306,312,209490.0,2997164.0,16,0,1,1,0,0,20.9
Residential,364,384,4062705.0,639358.0,26,1,0,1,1,1,62.78
Industrial,98,111,2506579.0,1042735.0,5,0,0,5,1,0,40.53
Industrial,355,377,1603507.0,2359926.0,9,1,0,7,1,1,67.48
Industrial,259,261,599466.0,1017687.0,1,0,0,6,0,0,7.0
Commercial,96,120,407336.0,5785754.0,23,1,1,3,0,1,74.34
Commercial,333,343,1809447.0,5686060.0,5,0,1,1,0,0,30.97
Industrial,65,91,4043212.0,2083047.0,27,1,0,8,1,1,79.46
Infrastructure,188,201,4601746.0,3874512.0,27,0,0,3,1,0,41.93
Commercial,178,205,4494082.0,3249145.0,20,0,1,8,1,1,82.16
Commercial,56,70,4608004.0,4911963.0,12,1,0,4,0,0,43.47
Industrial,101,129,4547854.0,3801929.0,17,1,1,13,0,1,84.95
Infrastructure,277,292,2683401.0,101489.0,6,0,1,11,0,0,46.13
Industrial,130,150,1175137.0,4602729.0,1,1,0,14,0,1,62.75
Commercial,219,248,4010428.0,4506404.0,28,0,1,11,1,1,88.12
Industrial,125,142,1147194.0,3107364.0,13,0,1,10,0,1,53.14
Industrial,311,326,1409316.0,5427222.0,4,1,0,10,0,0,47.05
Industrial,351,367,1242946.0,5459833.0,17,0,0,13,0,0,49.38
Infrastructure,307,327,2623414.0,3191079.0,10,1,1,6,0,1,60.08
Industrial,46,60,1676955.0,3687131.0,9,0,0,11,0,0,43.62
Commercial,292,310,855365.0,5979480.0,10,1,1,4,0,1,56.19
Industrial,136,156,2320550.0,1863039.0,26,0,1,14,0,1,62.53
Infrastructure,97,103,4382145.0,2015242.0,1,1,0,1,0,0,20.1
Residential,157,169,2895709.0,1178366.0,14,1,0,5,0,0,37.74
Infrastructure,322,333,4403844.0,5385615.0,6,0,0,6,1,0,34.58
Industrial,323,342,1059774.0,4492482.0,8,1,0,13,0,1,57.19
Residential,125,152,918172.0,723293.0,4,0,1,14,1,1,81.15
Industrial,30,61,2920328.0,5892427.0,6,1,1,10,1,1,95.89
Infrastructure,327,354,2370312.0,4412674.0,19,1,1,12,0,1,83.86
Residential,209,225,3334846.0,5118080.0,1,0,0,5,1,0,49.22
Residential,210,234,3993671.0,384090.0,2,1,1,12,0,1,73.58
Industrial,264,287,3781406.0,3079269.0,1,0,1,13,1,1,70.18
Industrial,348,364,4717080.0,4221730.0,20,0,1,2,1,0,48.14
Infrastructure,37,54,2051456.0,3303385.0,21,0,0,9,1,0,51.72
Industrial,56,81,1111295.0,4033220.0,22,1,1,7,0,1,76.78
Residential,337,346,2799472.0,4925457.0,18,0,1,2,0,0,29.49
Commercial,175,193,642641.0,2308589.0,3,1,0,13,0,1,54.01
Commercial,120,135,1515371.0,5107145.0,23,0,1,4,0,0,46.36
Infrastructure,301,324,1118651.0,1061205.0,19,1,0,8,1,1,69.45
Industrial,351,358,2043162.0,1698228.0,6,0,0,10,0,0,23.2
Infrastructure,34,59,644961.0,355739.0,27,1,1,4,0,1,75.49
Commercial,111,129,256025.0,2250118.0,21,0,0,14,1,1,56.51
Commercial,248,258,3318291.0,2341466.0,6,0,1,6,0,0,32.47
Industrial,147,171,3090220.0,4851097.0,16,0,1,10,1,1,73.66
Residential,110,139,3570959.0,3953471.0,18,1,0,13,1,1,89.08
Industrial,99,108,3335894.0,2676663.0,21,0,0,6,0,0,28.83
Commercial,144,164,660044.0,3947472.0,15,1,1,4,0,1,62.26
Residential,292,299,1526287.0,411422.0,2,0,1,1,0,0,22.77
Infrastructure,335,358,734680.0,1163602.0,14,1,1,4,0,1,69.06
Commercial,171,193,4230565.0,3798992.0,13,0,1,6,1,1,66.35
Infrastructure,236,249,3759828.0,3884064.0,14,0,0,6,1,0,41.1
Residential,140,144,1087482.0,4667394.0,13,0,0,3,0,0,13.33
Infrastructure,332,340,1772415.0,2477699.0,6,0,1,0,0,0,24.81
Commercial,141,155,4836413.0,4363069.0,24,0,1,5,0,0,43.04
Industrial,72,89,3011381.0,4135484.0,2,1,0,12,0,1,53.1
Infrastructure,314,345,4025662.0,5784021.0,29,1,1,14,0,1,93.06
Commercial,157,185,1396496.0,1369268.0,16,1,1,13,0,1,85.19
Commercial,214,223,1129259.0,3354909.0,9,0,1,2,0,0,28.48
Residential,258,269,3941193.0,3650410.0,14,0,0,10,0,0,35.54
Commercial,250,275,3460775.0,5992023.0,28,1,1,4,0,1,76.31
Industrial,146,161,3436792.0,1286986.0,5,0,1,3,1,0,46.92
Industrial,99,134,2807909.0,3186986.0,27,1,1,14,1,1,107.93
Infrastructure,99,120,2861534.0,2142493.0,16,0,1,12,0,1,63.67
Infrastructure,139,158,3704918.0,3202769.0,16,1,1,1,0,1,58.11
Infrastructure,161,178,1423012.0,1469559.0,13,0,1,11,0,1,53.0
Infrastructure,85,118,1828565.0,380913.0,23,1,1,14,0,1,100.65
Industrial,118,126,4371020.0,3478136.0,24,0,0,6,0,0,25.41
Residential,166,189,1613439.0,2081540.0,17,1,0,13,1,1,71.44
Infrastructure,160,173,2776917.0,1173454.0,24,0,1,4,0,0,40.75
Residential,247,270,3542933.0,2011220.0,4,1,0,14,0,1,69.71
Commercial,205,228,4999632.0,390753.0,28,1,0,13,0,1,70.09
Commercial,200,211,2232928.0,5707609.0,7,0,0,6,1,0,33.51
Infrastructure,129,142,2197655.0,3528773.0,6,0,0,8,1,0,40.96
Commercial,158,166,4228683.0,4907135.0,22,0,0,3,0,0,26.47
Residential,86,89,4046965.0,2596397.0,3,0,0,4,0,0,10.9
Residential,210,227,3682272.0,5429557.0,17,0,1,8,0,1,53.95
Commercial,275,292,2369825.0,2951578.0,4,0,1,12,0,0,51.06
Infrastructure,173,191,1687302.0,3486277.0,15,0,1,9,0,1,55.2
Residential,80,98,3082779.0,3001584.0,13,1,0,10,0,1,56.88
Residential,247,276,4393494.0,4426342.0,26,1,1,13,0,1,89.41
Industrial,133,155,4430510.0,3443271.0,26,0,1,12,0,1,66.95
Infrastructure,84,103,631642.0,1702434.0,18,1,1,3,0,1,59.74
Industrial,286,303,2198916.0,958683.0,13,1,0,4,1,0,51.13
Commercial,185,196,2377138.0,3676134.0,8,0,0,12,0,0,33.48
Commercial,82,96,4890315.0,2986162.0,5,0,1,4,1,0,43.86
Industrial,358,374,3422190.0,666257.0,16,0,1,7,0,0,50.98
Infrastructure,216,245,2095507.0,2434143.0,18,1,1,14,0,1,89.18
Residential,179,208,227684.0,3137181.0,11,1,1,12,0,1,88.94
Commercial,293,310,2870387.0,4978670.0,3,0,0,14,1,0,51.42
Infrastructure,279,299,570772.0,548996.0,15,1,1,3,0,1,61.08
Infrastructure,327,331,4188805.0,2156123.0,24,0,0,3,0,0,12.78
Commercial,240,256,3787341.0,4953671.0,10,0,1,12,0,0,49.18
Commercial,54,74,2356495.0,3925701.0,21,1,1,6,0,1,61.93
Infrastructure,323,354,2203133.0,1810754.0,3,1,1,10,1,1,95.26
Residential,181,186,4496961.0,5087477.0,16,0,0,4,0,0,16.44
Industrial,53,61,1513446.0,3010432.0,7,0,0,5,0,0,24.16
Commercial,281,297,1320198.0,3040276.0,13,1,1,5,0,0,48.72
Industrial,89,127,4702067.0,5861865.0,26,1,1,11,1,1,114.29
Infrastructure,95,114,4065305.0,5687987.0,1,1,1,5,0,1,57.19
Industrial,82,108,4121065.0,2215343.0,10,0,1,13,1,1,78.24
Residential,135,148,1056450.0,929417.0,10,0,0,9,1,0,39.22
Infrastructure,125,140,802150.0,2021434.0,23,0,1,4,0,0,47.56
Residential,205,225,227545.0,279851.0,21,0,1,12,0,1,60.16
Infrastructure,68,94,1261503.0,222531.0,23,1,1,12,0,1,80.44
Residential,197,204,3893533.0,2433581.0,5,0,0,4,1,0,23.35
Infrastructure,71,85,1276188.0,5652017.0,20,0,1,8,0,0,44.85
Residential,133,147,3672606.0,5241008.0,20,0,0,12,0,0,43.08
Infrastructure,362,381,1334351.0,3117513.0,13,0,1,7,1,1,59.79
Residential,233,261,2036933.0,3434836.0,29,1,1,14,0,1,86.16
Infrastructure,37,49,4917495.0,135008.0,9,1,0,3,0,0,38.82
Residential,311,316,1299577.0,1371457.0,25,0,0,6,0,0,16.36
Commercial,72,100,1944216.0,246167.0,26,1,1,7,0,1,85.37
Industrial,139,168,1575327.0,4551783.0,7,1,1,11,0,1,87.52
Infrastructure,239,251,637162.0,959310.0,6,1,0,8,0,0,38.93
Residential,266,278,2500481.0,5227378.0,7,0,0,4,1,0,38.11
Commercial,348,362,1955584.0,3895613.0,27,0,1,2,0,0,44.09
Infrastructure,78,102,3504947.0,1453570.0,7,0,1,14,1,1,73.8
Infrastructure,144,165,4106213.0,1030550.0,22,1,0,12,0,1,63.28
Infrastructure,184,202,2766824.0,3802986.0,1,1,1,3,0,1,56.73
Industrial,166,188,257762.0,5414938.0,26,0,0,14,1,1,66.96
Residential,196,201,3132720.0,4338325.0,15,0,0,9,0,0,15.03
Residential,350,365,371415.0,2156425.0,8,0,0,5,1,0,47.24
Infrastructure,228,251,3120146.0,3565563.0,12,0,1,9,1,1,70.4
Infrastructure,100,120,3456647.0,1933494.0,22,1,0,10,0,1,60.89
Infrastructure,36,46,1069061.0,5994982.0,11,0,1,4,0,0,32.89
Commercial,229,240,4114796.0,4518151.0,26,0,0,8,0,0,33.67
Infrastructure,96,127,4564317.0,3724852.0,21,1,1,12,0,1,94.02
Industrial,167,187,4084126.0,2597229.0,24,0,1,10,0,1,60.97
Residential,271,300,1595035.0,3747099.0,28,1,1,10,0,1,88.05
Industrial,242,260,2974551.0,2115535.0,16,0,1,13,0,1,54.3
Infrastructure,210,231,4582594.0,270303.0,26,1,1,2,0,1,63.3
Commercial,283,297,1671257.0,2431022.0,1,0,1,1,1,0,42.31
Infrastructure,130,151,4118136.0,5589837.0,12,1,0,5,1,1,65.38
Infrastructure,116,124,146428.0,3795176.0,0,0,0,12,0,0,26.31
Infrastructure,214,238,117869.0,595339.0,25,0,1,6,1,1,73.97
Infrastructure,120,134,3822587.0,5321462.0,27,1,0,4,0,0,42.93
Infrastructure,277,280,3831093.0,1686362.0,18,0,0,0,0,0,11.22
Residential,243,261,3965988.0,1538240.0,10,1,1,2,0,1,55.21
Industrial,278,278,4657132.0,1852837.0,4,0,0,2,0,0,-1.89
Commercial,155,170,677741.0,3505493.0,0,0,1,11,0,0,47.11
Infrastructure,33,60,1236726.0,3313660.0,19,1,0,13,1,1,81.1
Commercial,117,149,4528252.0,2999341.0,29,1,1,3,1,1,96.08
Residential,180,206,968457.0,4333467.0,12,1,1,13,0,1,80.94
Industrial,205,235,3442923.0,1967573.0,7,1,1,9,1,1,90.91
Infrastructure,240,242,2699269.0,4714181.0,5,0,0,5,0,0,7.61
Residential,288,312,507649.0,1134398.0,28,1,1,4,0,1,72.82
Residential,120,135,1497792.0,4717463.0,16,0,1,0,1,0,46.11
Industrial,288,306,2649824.0,4016480.0,11,0,1,14,0,1,56.54
Infrastructure,220,236,4276516.0,4130929.0,0,0,1,5,0,0,50.0
Industrial,110,120,3566939.0,2941165.0,2,0,0,13,0,0,30.28
Industrial,167,194,3147227.0,4035309.0,13,1,1,13,0,1,82.73
Commercial,155,175,2530561.0,570803.0,25,0,1,8,0,1,60.61
Commercial,338,353,1563552.0,5124152.0,7,1,0,10,0,0,47.59
Industrial,259,268,684300.0,427729.0,10,0,1,0,0,0,29.42
Commercial,339,357,2104473.0,977575.0,26,0,1,7,0,1,56.46
Residential,49,64,239741.0,3503059.0,13,0,1,7,0,0,47.07
Industrial,78,93,1134174.0,4462528.0,7,1,0,2,0,0,46.78
Infrastructure,164,192,2219169.0,549884.0,28,0,1,14,1,1,84.57
Infrastructure,58,86,2151165.0,5532512.0,2,1,1,12,0,1,84.23
Residential,77,92,317048.0,5844285.0,6,0,1,8,0,0,46.63
Infrastructure,298,320,2986395.0,3675106.0,27,0,1,10,0,1,66.66
Infrastructure,32,60,2793453.0,2939336.0,18,1,1,12,0,1,86.65
Industrial,287,315,482711.0,4474230.0,3,1,1,12,0,1,86.87
Residential,45,64,4721499.0,2037308.0,24,0,1,10,0,1,57.48
Industrial,123,146,586976.0,3010260.0,15,1,0,7,1,1,70.78
Residential,163,183,4288687.0,5505291.0,12,1,0,2,1,1,61.83
Industrial,330,347,101518.0,5738367.0,19,1,0,9,0,1,53.65
Industrial,356,372,4423177.0,5569708.0,18,1,0,4,0,0,50.4
Commercial,162,172,196627.0,1648444.0,4,1,0,2,0,0,31.09
Infrastructure,341,346,3813279.0,1471567.0,22,0,0,4,0,0,15.39
Residential,61,80,1872285.0,1856221.0,4,1,1,8,0,1,57.89
Infrastructure,334,354,3717262.0,2703736.0,19,0,0,14,1,1,62.46
Commercial,298,321,2068552.0,1953588.0,23,1,0,11,0,1,70.15
Residential,54,58,447449.0,2307855.0,3,0,0,3,1,0,14.53
Commercial,345,356,3860783.0,3761758.0,1,0,1,5,0,0,34.8
Infrastructure,88,104,449138.0,4598901.0,25,1,0,2,0,0,49.15
Industrial,242,243,4618390.0,4439793.0,12,0,0,2,0,0,4.33
Commercial,185,192,349773.0,4905099.0,29,0,0,4,0,0,23.2
Commercial,343,373,2448694.0,289888.0,15,1,1,7,1,1,92.23
Industrial,305,336,3642869.0,381629.0,21,1,1,13,0,1,93.89
Infrastructure,239,263,2026908.0,4757359.0,1,1,1,7,0,1,72.02
Commercial,86,96,1164444.0,3245165.0,18,0,0,2,1,0,30.08
Infrastructure,214,242,3819546.0,3511030.0,16,1,1,7,1,1,84.51
Industrial,83,109,3943044.0,410262.0,4,0,1,12,1,1,80.12
Residential,238,255,4621205.0,1606351.0,24,0,0,10,1,0,51.87
Commercial,322,344,1943209.0,3866290.0,17,1,0,12,0,1,66.04
Infrastructure,333,362,2580633.0,5169173.0,27,1,0,7,1,1,88.1
Industrial,281,301,1879329.0,5510202.0,22,0,1,2,1,1,61.52
Industrial,333,351,1359701.0,3052475.0,20,0,0,9,1,1,56.3
Commercial,141,164,3780062.0,3318298.0,17,0,0,14,1,1,69.47
Residential,35,47,1764294.0,5014993.0,7,0,0,12,0,0,36.15
Commercial,220,250,2197932.0,3271985.0,26,0,1,14,1,1,92.93
Infrastructure,363,387,2078001.0,3149465.0,14,1,1,9,0,1,72.94
Industrial,308,328,3592040.0,5439996.0,12,1,1,1,0,1,61.56
Residential,42,67,4597199.0,4760603.0,12,1,1,9,0,1,76.28
Infrastructure,332,345,3367105.0,5463528.0,15,0,1,1,1,0,41.53
Commercial,73,92,2410755.0,1387658.0,21,1,0,8,0,1,57.26
Industrial,134,138,3918105.0,3193815.0,19,0,0,6,0,0,12.78
Commercial,189,203,3240759.0,5070586.0,12,0,1,5,0,0,44.48
Residential,183,204,396991.0,755772.0,19,0,1,6,1,1,63.4
Residential,271,295,568752.0,4788507.0,1,1,1,7,0,1,73.83
Residential,210,234,285793.0,1179543.0,2,1,0,11,1,1,72.54
Residential,43,53,2338400.0,4867901.0,14,0,0,0,1,0,31.95
Residential,209,216,4146682.0,3710806.0,22,0,0,7,0,0,23.7
Commercial,321,334,1634108.0,1240092.0,18,0,1,2,0,0,40.71
Residential,293,316,1982385.0,2892790.0,12,1,1,2,1,1,71.16
Residential,197,216,4556438.0,4123240.0,4,0,1,5,1,1,59.94
Industrial,243,261,4200827.0,3839732.0,25,0,1,3,1,1,54.49
Residential,179,193,3358736.0,2620758.0,21,1,0,3,0,0,44.46
Industrial,45,52,1407339.0,5406263.0,5,0,0,3,1,0,21.25
Industrial,120,130,673503.0,3163654.0,13,0,0,9,0,0,30.15
Industrial,149,167,178688.0,3084617.0,3,0,1,8,0,1,54.13
Commercial,282,307,624352.0,467278.0,21,1,0,7,1,1,75.73
Commercial,89,101,1533723.0,5540510.0,18,0,1,2,0,0,36.4
Infrastructure,295,315,2803771.0,1144988.0,22,1,1,0,1,1,61.43
Infrastructure,60,68,413600.0,3217234.0,6,1,0,0,0,0,24.39
Industrial,50,57,767516.0,4841049.0,3,0,0,0,1,0,22.65
Commercial,248,249,987295.0,1371174.0,1,0,0,3,0,0,4.73
Residential,110,135,3196712.0,3211502.0,26,0,1,13,0,1,76.36
Infrastructure,318,329,3117370.0,1520041.0,6,0,0,5,1,0,34.03
Commercial,60,72,2798752.0,4582200.0,2,1,0,3,0,0,38.87
Residential,263,289,1327457.0,3429613.0,14,1,1,10,0,1,78.63
Residential,65,85,1918486.0,5150258.0,0,0,1,10,1,1,61.34
Commercial,161,168,573780.0,5377892.0,1,0,1,2,0,0,23.57
Infrastructure,353,371,1209657.0,3927528.0,9,0,1,7,1,1,55.13
Commercial,161,183,4498756.0,4379808.0,15,0,1,13,0,1,67.78
Infrastructure,38,62,4900490.0,3340399.0,24,1,1,7,0,1,73.63
Industrial,59,75,3273532.0,2368130.0,27,0,0,5,1,0,49.33
Commercial,144,166,4592434.0,3923896.0,14,1,0,8,1,1,66.45
Commercial,330,348,3249435.0,5458903.0,23,0,1,11,0,1,54.7
Infrastructure,33,59,262663.0,2558414.0,14,1,1,9,0,1,78.33
Infrastructure,354,376,4984137.0,1955019.0,13,1,1,0,1,1,66.32
Commercial,266,285,584866.0,2391778.0,21,0,1,12,0,1,60.0
Residential,52,64,3444945.0,2668846.0,13,0,1,7,0,0,38.11
Residential,45,49,1338897.0,534010.0,5,0,0,5,0,0,12.04
Residential,51,53,2020707.0,3040807.0,13,0,0,0,0,0,7.94
Industrial,101,114,3265078.0,3016454.0,16,1,0,3,0,0,39.08
Industrial,333,356,2238788.0,3571819.0,17,1,1,4,0,1,69.71
Infrastructure,259,275,1327676.0,2240638.0,19,1,0,6,0,0,50.67
Industrial,136,159,1738786.0,3717335.0,18,1,0,7,0,1,70.12
Residential,237,250,1773586.0,5281476.0,29,0,0,8,0,0,39.15
Commercial,237,259,4800687.0,5737279.0,16,1,0,11,1,1,67.59
Industrial,292,311,4013204.0,3543312.0,15,1,0,11,0,1,58.12
Industrial,80,91,2346889.0,351287.0,7,0,0,5,1,0,33.44
Residential,94,114,1079123.0,5818492.0,6,0,1,9,1,1,60.52
Industrial,294,304,4073979.0,4264586.0,19,0,0,8,0,0,31.04
Infrastructure,330,336,870194.0,2082186.0,27,0,0,3,0,0,19.54
Commercial,204,219,1131265.0,968230.0,11,0,1,7,0,0,46.4
Residential,181,201,1893466.0,946170.0,8,1,1,2,1,1,61.15
Infrastructure,295,318,4413706.0,1089692.0,26,1,0,3,1,1,71.66
Residential,358,364,745755.0,368878.0,13,0,0,9,0,0,19.93
Infrastructure,333,351,698948.0,5422710.0,19,0,1,3,1,1,56.02
Commercial,192,202,2520477.0,3290533.0,0,1,0,5,0,0,31.6
Commercial,267,288,1454412.0,4229761.0,9,1,0,14,0,1,64.84
Infrastructure,228,243,2886767.0,4985840.0,16,0,0,8,1,0,45.7
Infrastructure,45,60,2313020.0,4770092.0,16,1,0,5,0,0,47.11
Infrastructure,338,358,2231300.0,5307373.0,16,1,1,0,0,1,61.27
Infrastructure,325,345,648668.0,5806802.0,3,1,1,4,0,1,61.01
Infrastructure,305,327,791143.0,2690517.0,16,0,1,8,1,1,68.02
Infrastructure,268,282,4123285.0,5706979.0,17,0,1,4,0,0,43.56
Commercial,98,123,4440825.0,4367411.0,19,1,0,5,1,1,77.16
Infrastructure,330,344,1249949.0,516942.0,22,0,1,2,0,0,43.83
Industrial,35,48,655956.0,4122520.0,1,1,0,7,0,0,39.64
Commercial,249,266,361742.0,4151628.0,7,0,0,9,1,0,51.47
Residential,283,301,3080658.0,5444577.0,12,0,1,10,0,1,54.55
Commercial,324,349,3605231.0,2300300.0,22,0,1,12,1,1,75.22
Residential,136,142,1926769.0,3550978.0,24,0,0,3,0,0,20.52
Residential,324,344,3430412.0,171907.0,29,1,1,3,0,1,60.77
Industrial,147,154,3593498.0,2059244.0,21,0,0,10,0,0,22.89
Infrastructure,197,221,4683177.0,467238.0,19,1,0,11,1,1,74.11
Infrastructure,280,295,417881.0,3179051.0,21,1,0,4,0,0,46.94
Commercial,111,137,1042229.0,4922941.0,14,0,1,13,1,1,79.35
Infrastructure,83,106,435777.0,1318012.0,19,1,1,9,0,1,69.53
Industrial,269,286,4353170.0,3211902.0,22,0,1,14,0,1,53.53
Commercial,41,59,3983677.0,1303651.0,8,1,0,8,0,1,56.82
Commercial,238,262,2915746.0,812062.0,2,1,0,12,1,1,72.57
Commercial,194,216,509951.0,3114881.0,2,0,1,7,1,1,66.33
Infrastructure,323,336,1439231.0,566977.0,1,0,0,6,1,0,41.99
Infrastructure,36,48,1558827.0,3565392.0,0,1,0,4,0,0,38.01
Infrastructure,107,131,2847642.0,284891.0,13,1,1,8,0,1,72.35
Commercial,94,109,1364415.0,729618.0,16,0,1,8,0,0,47.41
Commercial,131,156,457503.0,3344985.0,12,1,0,9,1,1,75.11
Residential,329,339,3680735.0,3589304.0,18,0,0,9,0,0,31.44
Residential,316,329,1565493.0,271023.0,29,1,0,1,0,0,40.26
Infrastructure,200,209,2316633.0,3482923.0,22,0,1,3,0,0,28.81
Commercial,106,129,725567.0,5047165.0,14,1,1,7,0,1,69.7
Infrastructure,77,100,4032487.0,4361665.0,26,0,1,12,0,1,71.98
Infrastructure,284,315,2871106.0,873992.0,24,1,0,13,1,1,95.16
Residential,111,121,4517770.0,3595600.0,13,1,0,0,0,0,32.12
Industrial,238,267,2527811.0,4066290.0,1,1,1,12,1,1,87.07
Infrastructure,238,273,4712986.0,319664.0,6,1,1,14,1,1,105.62
Industrial,113,126,4470154.0,5146551.0,16,0,1,4,0,0,40.11
Industrial,39,55,2924653.0,5446978.0,17,1,0,7,0,0,48.81
Commercial,58,71,4676078.0,5117668.0,5,1,1,1,0,0,41.66
Commercial,333,364,1683135.0,4965326.0,26,1,1,1,1,1,93.62
Infrastructure,145,167,1891647.0,4495295.0,20,0,1,12,0,1,66.23
Residential,298,313,322842.0,3837249.0,7,0,1,7,0,0,47.08
Residential,76,86,2987084.0,4103899.0,27,0,0,9,0,0,32.62
Infrastructure,120,134,3637427.0,4857732.0,26,0,0,11,0,0,42.48
Infrastructure,82,88,3890244.0,4008741.0,1,0,0,8,0,0,19.31
Residential,247,268,834100.0,2033589.0,0,1,1,6,0,1,64.09
Industrial,106,138,2276379.0,2318171.0,15,1,1,7,1,1,96.96
Infrastructure,233,255,966630.0,5392639.0,6,1,1,4,1,1,67.59
Industrial,73,75,3344424.0,201020.0,21,0,0,0,0,0,6.15
Infrastructure,185,200,873937.0,4223041.0,23,0,1,3,0,0,45.87
Infrastructure,31,64,4530402.0,5733188.0,10,1,1,14,1,1,99.55
Industrial,342,347,1230110.0,4266746.0,14,0,0,1,0,0,15.69
Industrial,86,102,1527871.0,5964081.0,12,0,1,2,1,0,48.76
Residential,319,339,4269441.0,4156515.0,29,1,0,11,0,1,60.31
Infrastructure,87,95,2346491.0,302742.0,23,0,0,2,1,0,26.04
Commercial,283,290,217580.0,4979358.0,1,0,0,8,0,0,22.7
Commercial,209,237,2523473.0,1779316.0,13,1,1,12,0,1,84.65
Infrastructure,186,216,514262.0,2731738.0,23,0,1,14,1,1,92.22
Infrastructure,64,80,4928189.0,1941342.0,5,1,0,9,0,0,50.57
Infrastructure,104,116,2981747.0,1684469.0,8,0,1,14,0,0,36.86
Industrial,318,341,1357010.0,2645294.0,27,1,1,3,0,1,71.42
Commercial,104,116,2862217.0,2334634.0,6,0,1,1,1,0,36.26
Commercial,358,367,476649.0,3836698.0,17,1,0,2,0,0,27.79
Commercial,107,122,4019467.0,4897592.0,23,0,1,2,1,0,45.67
Infrastructure,284,306,4634107.0,1852823.0,8,1,1,13,0,1,68.52
Industrial,294,303,4384778.0,1360955.0,22,0,0,6,0,0,29.27
Infrastructure,333,343,1774612.0,4034682.0,3,0,0,7,1,0,32.21
Residential,96,119,1696264.0,4054888.0,8,1,1,12,0,1,69.49
Residential,250,258,271929.0,5416674.0,3,0,0,10,0,0,25.94
Commercial,193,209,3291862.0,194080.0,11,0,1,12,0,0,49.76
Infrastructure,249,255,2721033.0,5132940.0,3,0,0,5,0,0,19.69
Residential,201,218,2350797.0,3173913.0,24,0,1,3,0,0,51.3
Residential,283,292,4547392.0,3765682.0,29,0,0,5,0,0,28.09
Infrastructure,239,255,922607.0,639091.0,23,0,0,12,0,0,50.86
Industrial,217,231,147365.0,2652428.0,19,0,0,10,0,0,43.65
Infrastructure,220,237,459251.0,1441084.0,13,1,1,0,0,1,53.31
Infrastructure,244,268,1194520.0,1599928.0,23,0,1,12,0,1,74.0
Industrial,115,131,263099.0,3074161.0,23,0,0,9,1,0,49.67
Commercial,135,151,2563934.0,4893490.0,6,1,0,7,1,0,50.67
Commercial,361,377,1639043.0,4488307.0,25,1,1,0,0,0,50.67
Commercial,325,337,984367.0,3586900.0,12,0,0,14,0,0,36.79
Industrial,48,69,3775412.0,3282567.0,21,0,1,4,1,1,64.41
Residential,76,83,1101811.0,2621106.0,7,1,0,1,0,0,23.67
Industrial,94,115,3469265.0,5838989.0,22,0,1,14,0,1,63.75
Infrastructure,175,190,1811398.0,3405136.0,4,0,1,5,1,0,45.9
Industrial,315,329,2607956.0,1598402.0,11,0,1,8,0,0,42.88
Residential,95,118,4675948.0,1457536.0,12,1,1,4,0,1,69.86
Residential,34,48,283023.0,3706983.0,28,0,0,3,1,0,44.15
Infrastructure,122,149,2551296.0,3184682.0,19,1,0,13,1,1,81.14
Commercial,123,143,4286673.0,145417.0,13,1,1,1,0,1,62.52
Residential,135,156,2981074.0,4997386.0,27,0,1,11,0,1,63.75
Residential,162,182,1456666.0,4254322.0,17,1,1,2,0,1,60.8
Residential,343,367,2048638.0,4004793.0,26,0,1,5,1,1,73.46
Infrastructure,108,132,3433302.0,505806.0,23,1,1,7,0,1,73.54
Residential,241,258,4464978.0,2236130.0,24,0,0,13,0,0,51.1
Commercial,37,54,301225.0,5618755.0,19,0,0,7,1,0,51.27
Infrastructure,188,191,450540.0,5189277.0,3,0,0,4,0,0,10.53
Commercial,297,301,1692752.0,1784703.0,20,0,0,4,0,0,13.22
Residential,178,195,1240620.0,1026647.0,17,0,1,9,0,1,52.88
Residential,120,133,1398161.0,2749619.0,6,0,0,13,0,0,41.62
Commercial,265,279,1184223.0,2199399.0,14,0,0,12,0,0,42.12
Infrastructure,318,341,1059543.0,4125136.0,20,1,0,2,1,1,69.06
Infrastructure,197,214,740057.0,5801965.0,5,0,0,14,1,0,51.66
Commercial,222,239,4676375.0,2241709.0,15,1,0,6,0,0,52.08
Residential,216,235,806528.0,467123.0,19,0,1,14,0,1,59.96
Industrial,300,314,1101578.0,5395923.0,23,0,0,12,0,0,43.81
Commercial,143,157,1306702.0,323903.0,7,0,1,5,0,0,43.83
Commercial,40,65,4671773.0,5721319.0,27,0,1,14,0,1,76.24
Commercial,84,109,3802999.0,4021019.0,20,1,1,0,1,1,75.62
Residential,287,291,3969527.0,5655966.0,15,0,0,3,0,0,14.59
Infrastructure,94,109,613315.0,1277992.0,27,1,0,5,0,0,46.23
Residential,201,220,4197918.0,340129.0,21,1,0,10,0,1,59.25
Commercial,301,305,2100146.0,2980439.0,15,0,0,5,0,0,13.14
Residential,179,201,1387833.0,2758678.0,2,1,1,10,0,1,68.14
Residential,175,191,2921175.0,2055804.0,16,0,1,13,0,0,50.96
Commercial,238,255,4128696.0,5750173.0,8,0,1,14,0,0,51.49
Residential,315,344,3915396.0,4953244.0,24,1,0,11,1,1,87.92
Industrial,39,56,4460988.0,4003334.0,2,0,1,11,0,1,53.05
Residential,256,260,4647848.0,1060864.0,19,0,0,2,0,0,14.47
Residential,215,231,1266798.0,4432508.0,28,0,1,5,0,0,50.19
Infrastructure,91,114,2176904.0,4389373.0,6,0,1,11,1,1,70.19
Infrastructure,114,125,171680.0,2607902.0,17,0,0,9,0,0,34.56
Commercial,163,169,4408676.0,5556237.0,11,0,0,5,0,0,20.72
Commercial,352,368,857404.0,1085170.0,18,0,1,11,0,0,50.18
Infrastructure,326,336,4321227.0,1677292.0,15,0,0,8,1,0,31.54
Industrial,200,216,1713998.0,473024.0,21,1,0,8,0,0,49.7
Residential,242,247,1903855.0,4793161.0,26,0,0,1,0,0,17.07
Industrial,47,63,291748.0,3768380.0,23,1,0,3,0,0,50.76
Industrial,343,368,1701706.0,1958148.0,16,1,1,8,0,1,75.21
Infrastructure,89,120,4452982.0,1066501.0,19,1,1,14,0,1,93.21
Commercial,117,143,225182.0,336872.0,14,1,1,13,0,1,79.22
Residential,56,71,2091005.0,1083799.0,0,0,0,12,1,0,46.38
Commercial,97,106,253858.0,2774379.0,1,0,1,3,0,0,29.19
Industrial,307,319,1917525.0,1558344.0,7,0,1,7,0,0,37.47
Industrial,69,86,945939.0,1627995.0,21,1,0,9,0,0,51.78
Commercial,138,159,1335870.0,5265901.0,24,1,0,11,0,1,63.44
Commercial,103,113,4400232.0,3139312.0,1,0,1,2,0,0,30.37
Infrastructure,95,104,2236641.0,4402587.0,18,0,0,2,1,0,28.17
Commercial,197,218,1441610.0,310695.0,8,1,0,8,1,1,64.75
Commercial,291,303,2987758.0,2254464.0,8,0,0,10,0,0,36.93
Infrastructure,303,311,796324.0,2927099.0,12,0,0,9,0,0,25.68
Commercial,266,272,1371019.0,1199859.0,5,0,0,7,0,0,19.84
Industrial,244,263,2776615.0,809130.0,29,1,0,0,1,1,58.77
Commercial,315,337,1263863.0,5234792.0,14,0,1,9,1,1,67.87
Residential,178,201,3427726.0,5642647.0,18,0,0,13,1,1,70.01
Industrial,347,373,2508307.0,564960.0,20,1,1,1,1,1,79.23
Infrastructure,136,137,3882746.0,2159210.0,14,0,0,2,0,0,3.78
Industrial,170,201,4746398.0,5753885.0,17,1,1,13,0,1,95.57
Infrastructure,105,127,667444.0,590654.0,6,0,1,10,1,1,68.25
Residential,38,50,1739859.0,3897484.0,25,0,1,1,0,0,36.16
Residential,225,246,1665790.0,5836106.0,10,1,1,2,0,1,63.9
Industrial,324,344,840796.0,5871520.0,7,1,1,7,0,1,61.33
Commercial,309,328,4070485.0,2880218.0,5,0,1,10,0,1,58.29
Industrial,147,156,3823406.0,1060220.0,7,0,0,10,0,0,28.76
Industrial,319,338,2473685.0,1292297.0,1,1,0,11,0,1,57.03
Residential,90,123,2735077.0,5348648.0,18,0,1,13,1,1,99.41
Infrastructure,364,379,391766.0,5478930.0,15,1,0,5,0,0,46.08
Industrial,335,362,2821986.0,3686490.0,6,1,1,14,0,1,81.62
Commercial,80,103,3977573.0,4620441.0,9,0,1,13,1,1,69.2
Residential,81,95,2911755.0,4465594.0,11,1,0,6,0,0,44.28
Industrial,151,166,1400001.0,4004747.0,16,0,1,9,0,0,45.98
Industrial,196,216,3370987.0,4980934.0,6,1,0,14,0,1,60.08
Commercial,37,58,1871293.0,4143899.0,21,0,0,14,0,1,63.57
Industrial,74,100,2769879.0,3250614.0,7,1,1,12,0,1,78.72
Industrial,274,295,2489070.0,1498043.0,6,1,0,9,1,1,63.88
Industrial,313,332,1967758.0,4488940.0,3,1,1,5,0,1,57.54
Industrial,136,150,3622502.0,2893283.0,2,1,1,0,0,0,43.73
Commercial,56,69,4430993.0,1839271.0,18,0,0,10,0,0,41.09
Industrial,222,233,125541.0,4831483.0,14,0,1,2,0,0,33.66
Industrial,91,125,4674721.0,4210610.0,3,1,1,12,1,1,103.25
Industrial,91,103,2606424.0,5630303.0,24,1,0,0,0,0,36.5
Residential,311,328,3533586.0,1076106.0,8,1,0,11,0,1,53.69
Commercial,150,182,4292560.0,3930217.0,12,1,1,14,1,1,98.42
Residential,309,325,2388808.0,1541013.0,17,0,1,9,0,0,50.5
Residential,68,83,4191373.0,5431140.0,20,0,0,11,1,0,46.0
Commercial,306,311,970337.0,687047.0,15,0,0,8,0,0,15.42
Residential,123,148,879921.0,3971355.0,0,1,1,12,0,1,77.55
Residential,144,160,3321610.0,4767406.0,3,0,1,8,1,0,49.53
Residential,205,226,4363701.0,2194015.0,17,1,0,4,1,1,64.24
Commercial,150,159,4472888.0,5729415.0,7,0,1,3,0,0,29.4
Industrial,42,56,3254328.0,5119311.0,19,0,0,11,0,0,43.44
Infrastructure,192,204,2674897.0,1838248.0,15,0,1,8,0,0,38.86
Infrastructure,304,315,1723826.0,144492.0,20,0,0,8,0,0,34.79
Commercial,205,232,4902002.0,1850277.0,10,1,0,14,1,1,83.59
Infrastructure,353,359,1666509.0,1759732.0,19,0,0,2,0,0,18.38
Commercial,202,218,3746512.0,5350791.0,20,0,1,4,0,0,49.34
Commercial,304,322,2706711.0,5806015.0,20,0,1,2,1,1,56.22
Infrastructure,93,114,3081710.0,515596.0,20,1,1,9,0,1,63.91
Residential,130,151,2028055.0,2880639.0,26,1,1,1,0,1,65.69
Industrial,351,361,4827633.0,3335159.0,18,0,0,0,1,0,30.72
Infrastructure,95,128,2901243.0,648179.0,22,1,1,11,1,1,101.13
Infrastructure,360,375,4695159.0,2327236.0,18,0,0,9,1,0,45.35
Infrastructure,74,84,137198.0,1970786.0,17,0,1,1,0,0,31.43
Infrastructure,116,142,2906086.0,3262732.0,18,1,0,7,1,1,78.35
Commercial,96,104,3614216.0,4001026.0,10,0,0,10,0,0,24.48
Commercial,288,305,3750893.0,4250562.0,2,1,1,7,0,1,52.56
Industrial,234,247,4534387.0,906855.0,7,0,1,2,1,0,39.19
Industrial,207,230,121568.0,4896391.0,19,1,1,6,0,1,70.59
Infrastructure,309,333,101618.0,4103398.0,18,0,1,6,1,1,74.23
Infrastructure,46,61,2414091.0,5345542.0,9,1,0,1,0,0,45.03
Infrastructure,325,350,243539.0,2751083.0,15,1,1,8,0,1,77.1
Industrial,231,237,4875210.0,5373950.0,4,0,0,2,1,0,19.31
Infrastructure,201,210,1188119.0,5208067.0,19,0,1,1,0,0,29.55
Residential,291,310,2416057.0,2686615.0,8,0,1,11,0,1,57.46
Industrial,223,236,399574.0,2348746.0,7,1,0,2,0,0,40.99
Residential,178,185,2658037.0,5603591.0,10,0,0,1,1,0,22.55
Infrastructure,64,81,1961785.0,4319472.0,15,0,0,14,0,0,51.15
Commercial,58,72,318834.0,5576648.0,6,1,0,7,0,0,43.02
Residential,292,299,1742109.0,4802151.0,14,0,0,4,0,0,22.29
Industrial,250,272,2018036.0,3694855.0,23,1,0,2,1,1,67.47
Residential,82,93,4950615.0,783531.0,28,0,0,4,1,0,35.51
Industrial,308,333,1118641.0,1819736.0,20,0,1,10,1,1,77.71
Infrastructure,105,134,2769420.0,5816170.0,19,1,1,10,0,1,88.97
Residential,205,221,4937846.0,1984590.0,22,1,0,7,0,0,50.64
Commercial,39,44,3980894.0,650204.0,16,0,0,6,0,0,17.66
Residential,146,151,4967501.0,4274565.0,5,0,0,5,0,0,17.97
Commercial,309,329,4844662.0,4430625.0,14,0,1,13,0,1,61.4
Industrial,247,270,2498744.0,1784201.0,7,0,1,12,1,1,70.04
Infrastructure,204,218,3512242.0,1856265.0,6,0,1,0,1,0,42.59
Infrastructure,263,274,641171.0,2866469.0,1,0,1,9,0,0,33.18
Commercial,281,302,2261629.0,228555.0,29,1,1,0,0,1,64.83
Industrial,324,350,4064191.0,4757006.0,12,1,1,0,1,1,79.76
Infrastructure,351,365,2576143.0,1970824.0,29,0,0,13,0,0,44.31
Industrial,35,51,3543225.0,5137202.0,22,0,1,9,0,0,50.83
Commercial,50,73,3754182.0,4835519.0,28,0,1,13,0,1,70.04
Commercial,102,121,1341999.0,4002272.0,5,0,1,7,0,1,57.88
Residential,359,393,4390927.0,2016762.0,28,1,1,7,1,1,103.2
Infrastructure,65,84,2353130.0,3146268.0,4,1,0,13,0,1,57.03
Infrastructure,262,285,1129907.0,2724493.0,19,1,1,6,0,1,71.04
Residential,245,259,4340538.0,2099403.0,0,1,0,5,0,0,43.19
Commercial,235,247,2147312.0,5104004.0,28,0,0,3,1,0,36.54
Commercial,73,77,3776531.0,2952692.0,17,0,0,0,0,0,13.87
Commercial,120,146,2785362.0,5013066.0,14,1,1,14,0,1,80.3
Commercial,345,375,1971172.0,720789.0,22,0,1,14,1,1,91.35
Industrial,122,150,4068394.0,932046.0,9,1,1,8,1,1,85.84
Infrastructure,112,145,2963903.0,5866190.0,2,1,1,14,1,1,99.0
Infrastructure,362,376,2013754.0,3567834.0,4,1,0,0,1,0,42.25
Commercial,311,326,637030.0,3107641.0,23,0,1,3,0,0,46.19
Commercial,50,63,4487682.0,3186621.0,28,0,1,2,0,0,41.55
Commercial,257,283,273801.0,1370086.0,12,1,1,6,0,1,79.55
Infrastructure,159,174,4329618.0,4340353.0,7,1,0,4,0,0,46.31
Infrastructure,204,229,1863811.0,600206.0,21,1,1,4,1,1,77.37
Commercial,137,164,3232760.0,3482610.0,20,1,1,3,1,1,83.35
Industrial,312,332,4618779.0,3467536.0,28,0,1,0,1,1,60.21
Residential,100,109,843362.0,5493712.0,1,0,1,4,0,0,28.45
Residential,79,98,2878057.0,3204479.0,8,0,1,3,1,1,58.27
Residential,124,152,3845721.0,908670.0,16,0,1,13,1,1,86.37
Infrastructure,308,335,3812161.0,3479244.0,26,1,1,9,0,1,81.7
Infrastructure,161,196,2675596.0,638833.0,17,1,1,12,1,1,107.89
Residential,305,308,3161223.0,1302384.0,12,0,0,7,0,0,9.54
Residential,42,52,3811882.0,283541.0,0,0,1,1,0,0,31.55
Industrial,32,54,4221035.0,3128432.0,11,0,1,7,1,1,67.72
Infrastructure,253,275,3832884.0,598742.0,19,1,1,0,1,1,67.87
Infrastructure,204,217,1834624.0,2869427.0,19,0,0,12,0,0,41.71
Residential,119,121,4983959.0,5604376.0,20,0,0,3,0,0,7.04
Industrial,270,276,2229063.0,4346592.0,4,0,0,2,1,0,20.62
Industrial,64,83,219877.0,556729.0,7,0,1,4,1,1,59.37
Residential,43,78,1876823.0,1422838.0,26,1,1,12,1,1,107.32
Residential,224,229,726136.0,4074608.0,14,0,0,4,0,0,17.59
Infrastructure,335,343,695069.0,5378741.0,26,0,0,4,0,0,25.47
Residential,363,372,1479522.0,294220.0,2,0,0,11,0,0,27.17
Commercial,242,247,361540.0,4893462.0,5,0,0,3,0,0,16.12
Industrial,32,49,3473710.0,3414702.0,27,1,0,7,0,1,53.29
Residential,208,212,462546.0,3321939.0,12,0,0,2,0,0,14.52
Commercial,69,77,1096119.0,5751098.0,11,0,0,11,0,0,26.13
Industrial,193,208,555209.0,4511103.0,18,1,0,3,0,0,46.45
Commercial,336,346,409522.0,5115701.0,28,0,0,0,1,0,32.87
Commercial,264,287,1411983.0,2188574.0,17,1,1,6,0,1,69.35
Residential,286,289,2902305.0,3370748.0,23,0,0,0,0,0,11.63
Industrial,145,155,4826959.0,3730893.0,0,0,0,14,0,0,32.19
Commercial,81,92,4390228.0,1997345.0,24,1,0,1,0,0,34.77
Infrastructure,171,192,4392076.0,3464464.0,26,1,0,10,0,1,65.58
Industrial,115,136,962728.0,1496267.0,6,1,0,6,1,1,63.33
Infrastructure,75,80,1398045.0,945916.0,11,0,0,0,1,0,16.62
Residential,361,376,474327.0,2306425.0,9,0,1,10,0,0,46.82
Infrastructure,267,281,3914495.0,4461809.0,28,0,1,2,0,0,42.78
Industrial,39,56,442100.0,5505504.0,11,0,1,12,0,1,52.81
Commercial,181,207,2827809.0,2800513.0,10,1,1,5,1,1,79.66
Commercial,90,97,1314590.0,3892660.0,3,0,0,5,0,0,23.5
Industrial,47,59,1292884.0,707919.0,18,0,1,5,0,0,37.69
Commercial,115,133,4954553.0,5436336.0,5,1,0,10,1,1,55.13
Infrastructure,166,192,3808221.0,3454765.0,24,0,1,12,1,1,78.61
Commercial,259,274,4201003.0,4703996.0,8,1,0,1,1,0,47.23
Commercial,157,173,2902715.0,4787203.0,19,0,1,1,1,0,49.86
Infrastructure,133,152,4367970.0,1613235.0,9,0,1,5,1,1,58.01
Infrastructure,215,228,3262904.0,3222129.0,4,1,0,9,0,0,41.83
