project_type,duration_months,team_size,change_orders,material_price_increase,weather_impact_days,subcontractor_count,overrun,overrun_pct,initial_budget,final_cost
Industrial,22,81,22,19.06,16,14,0,25.8,4097405.0,10399325.0
Infrastructure,14,30,19,9.04,31,18,0,19.89,9567016.0,562603.0
Residential,38,27,3,25.62,8,16,1,31.79,8804605.0,904508.0
Industrial,25,73,23,39.16,39,3,1,47.63,7225439.0,10985948.0
Industrial,18,91,23,24.14,19,15,0,26.09,7279695.0,9416317.0
Infrastructure,33,119,1,14.31,25,4,1,35.75,2897816.0,5683120.0
Residential,34,104,17,25.91,26,5,1,42.23,6739745.0,9166517.0
Residential,18,175,18,4.92,20,17,0,16.4,2382960.0,11489854.0
Industrial,40,41,18,35.55,17,7,1,40.61,1868031.0,9379030.0
Commercial,11,20,16,20.12,12,16,0,16.96,9994945.0,10187270.0
Industrial,23,54,13,17.97,15,14,1,30.32,6412571.0,9246976.0
Industrial,10,42,18,23.43,8,16,0,17.65,4594385.0,2434428.0
Industrial,30,111,21,24.99,11,7,0,25.97,3237563.0,10086102.0
Industrial,7,178,23,2.87,43,9,0,21.23,6237244.0,2743751.0
Infrastructure,15,145,12,27.3,37,4,1,34.25,971138.0,10765030.0
Residential,35,20,11,9.68,18,11,0,29.27,1399469.0,5774474.0
Infrastructure,10,188,5,28.56,6,2,0,19.09,812139.0,8285233.0
Infrastructure,38,97,20,32.9,34,12,1,47.65,5242113.0,6218270.0
Infrastructure,6,50,3,32.16,17,12,0,11.24,6205763.0,1580896.0
Industrial,23,154,18,22.1,15,4,0,24.36,1093558.0,3843307.0
Commercial,37,85,15,20.81,38,18,1,41.02,7351632.0,11812916.0
Residential,16,130,12,5.72,3,7,0,13.24,2688753.0,11548220.0
Commercial,26,55,3,31.01,24,1,1,37.42,7009414.0,4185599.0
Infrastructure,31,169,22,10.86,31,13,0,29.34,9828023.0,11957413.0
Infrastructure,30,89,16,19.87,39,6,1,31.59,7065506.0,10223839.0
Commercial,27,63,22,11.37,12,6,1,30.33,8890334.0,7526034.0
Commercial,32,95,0,5.35,44,12,0,25.43,9507886.0,961433.0
Commercial,18,101,17,25.18,16,8,0,13.05,5124135.0,10866639.0
Infrastructure,38,157,19,2.17,36,19,1,46.82,7172087.0,6910437.0
Infrastructure,39,170,16,29.95,5,5,1,31.55,8593708.0,10487476.0
Residential,46,177,14,12.7,18,18,1,41.67,3887785.0,10095935.0
Residential,40,169,10,0.01,12,5,0,21.34,2983275.0,10079571.0
Infrastructure,6,106,24,20.45,25,10,0,20.19,9492686.0,8528999.0
Commercial,26,11,21,1.87,13,1,0,16.59,7399883.0,3851274.0
Commercial,11,42,12,11.05,30,10,0,17.09,2586980.0,4365843.0
Residential,33,167,0,28.28,3,5,0,23.67,4766292.0,4047396.0
Infrastructure,22,170,16,2.51,38,12,0,26.65,8066292.0,730529.0
Residential,10,86,5,33.57,7,7,0,17.57,5697098.0,7199542.0
Residential,36,125,3,0.15,24,9,0,18.64,6674545.0,8536587.0
Industrial,10,163,19,9.87,12,12,0,16.58,7660798.0,10319459.0
Industrial,43,159,15,29.64,31,1,1,50.47,6409087.0,2111902.0
Industrial,8,112,14,12.65,37,11,0,28.63,5630754.0,6758106.0
Commercial,28,175,14,4.08,37,15,1,32.61,7621336.0,592094.0
Infrastructure,42,112,5,14.41,27,2,1,37.04,7411849.0,1593577.0
Infrastructure,42,99,14,10.82,29,7,1,47.35,6483788.0,1123435.0
Infrastructure,15,183,13,33.71,2,12,0,27.56,3917999.0,8842997.0
Infrastructure,15,131,10,12.53,27,18,0,26.19,4355215.0,1432185.0
Industrial,24,152,6,31.56,2,3,0,17.17,9719166.0,8739209.0
Commercial,22,115,8,35.67,44,7,0,29.27,1567666.0,3370684.0
Commercial,26,128,15,17.35,33,11,1,32.18,3050797.0,10593699.0
Industrial,19,181,4,36.4,15,18,0,23.53,5177817.0,9851225.0
Commercial,14,58,24,15.09,21,12,0,21.53,8448932.0,11515048.0
Industrial,6,113,19,38.56,31,6,0,24.36,2054919.0,10663263.0
Infrastructure,18,70,9,3.57,37,5,0,14.73,3131069.0,11233288.0
Industrial,9,132,17,27.48,7,1,0,16.87,1125083.0,10375538.0
Infrastructure,6,143,2,19.75,7,12,0,14.4,7206860.0,8473892.0
Infrastructure,45,18,12,15.51,5,11,1,43.95,2762990.0,2457980.0
Residential,37,15,10,25.31,13,4,1,37.7,4192410.0,3624636.0
Industrial,39,82,16,28.15,31,18,1,46.39,4715164.0,2946360.0
Residential,33,112,21,0.17,34,4,0,24.3,8967482.0,7441237.0
Industrial,36,169,12,6.68,9,17,0,29.77,4407638.0,6291629.0
Industrial,13,50,5,28.52,2,2,0,17.52,1879638.0,10471420.0
Residential,44,123,16,26.66,11,2,1,40.82,5480992.0,11455738.0
Residential,31,17,12,38.64,30,12,1,37.93,9648101.0,5155889.0
Industrial,39,81,18,30.44,28,6,1,50.86,6273014.0,6323031.0
Commercial,8,187,20,38.03,4,10,0,25.39,9842179.0,11672438.0
Infrastructure,17,101,18,28.1,24,16,1,31.59,8490519.0,3676748.0
Residential,6,71,9,11.92,40,14,0,10.01,841675.0,9612494.0
Infrastructure,10,93,2,4.21,30,7,0,13.56,6754796.0,3090259.0
Commercial,35,71,13,31.27,20,19,1,44.61,3224285.0,8336791.0
Commercial,35,120,18,25.77,19,17,1,41.41,5816360.0,3416580.0
Commercial,22,136,4,1.93,38,9,0,11.48,3153779.0,10662934.0
Residential,28,16,4,14.4,21,13,0,23.98,3814269.0,6956996.0
Commercial,20,93,19,38.27,3,5,1,38.91,9270103.0,2638237.0
Residential,42,141,16,20.02,12,5,1,36.15,2463110.0,3080246.0
Commercial,26,143,20,17.31,44,10,1,37.9,8804037.0,6179266.0
Infrastructure,19,67,9,18.31,41,10,1,36.31,789349.0,11558423.0
Infrastructure,7,31,4,8.36,19,7,0,11.55,1363327.0,9350885.0
Industrial,16,163,3,14.75,12,15,0,22.11,8619413.0,6115561.0
Infrastructure,44,136,5,14.79,16,7,1,35.36,6490282.0,4383770.0
Industrial,43,12,3,2.09,35,15,1,36.15,7598743.0,6816588.0
Infrastructure,39,136,6,30.7,32,3,1,40.44,2489468.0,9106150.0
Residential,43,50,6,16.66,0,19,0,29.28,5602293.0,9515179.0
Infrastructure,39,197,17,32.89,14,10,1,38.36,7503583.0,4233001.0
Industrial,23,115,2,34.01,12,15,0,22.94,6459484.0,8793332.0
Industrial,35,23,0,8.48,16,3,0,16.15,4981138.0,8064571.0
Commercial,20,21,23,26.29,23,6,1,38.5,9617946.0,11529791.0
Residential,32,96,24,18.89,7,12,1,34.28,6923495.0,11207538.0
Infrastructure,39,21,3,35.21,26,15,1,45.05,9123633.0,9577862.0
Commercial,43,150,5,8.63,44,6,1,44.24,7432820.0,8819039.0
Infrastructure,38,34,8,27.11,22,13,1,37.22,7486904.0,3651478.0
Infrastructure,29,54,21,24.31,7,19,0,27.48,1260174.0,10228600.0
Commercial,20,131,13,11.81,7,3,0,19.63,3914914.0,5416316.0
Commercial,35,156,11,5.46,25,8,0,26.64,8654509.0,3630766.0
Commercial,47,64,24,26.07,12,8,1,34.8,2709737.0,4917849.0
Commercial,22,109,19,29.54,38,15,1,34.41,1597306.0,10113258.0
Commercial,10,182,23,12.63,36,4,0,24.96,3598008.0,2209282.0
Infrastructure,34,145,24,25.79,27,19,1,39.0,2594160.0,5745826.0
Commercial,9,128,3,15.81,24,3,0,11.87,9290238.0,6162112.0
Residential,15,62,20,28.53,15,13,0,22.11,8745683.0,921242.0
Industrial,22,192,23,7.97,1,8,0,24.65,5246991.0,2751079.0
Commercial,15,41,11,35.61,17,16,1,37.37,1082767.0,10007538.0
Commercial,22,60,9,11.5,16,13,0,29.5,7288342.0,10053825.0
Infrastructure,25,53,21,14.71,29,3,1,34.75,6422411.0,3862773.0
Commercial,29,91,6,2.32,38,16,1,31.03,9720269.0,10561318.0
Commercial,10,155,2,4.46,12,9,0,10.16,5810056.0,9375504.0
Commercial,39,159,22,20.63,31,14,1,33.68,3695740.0,5305936.0
Infrastructure,11,46,13,10.7,28,13,0,19.19,5430706.0,9106673.0
Commercial,7,105,23,33.42,29,7,0,24.13,9803001.0,11555348.0
Industrial,18,65,9,0.59,17,15,0,18.97,7115443.0,5778152.0
Infrastructure,16,114,15,15.16,12,7,0,27.95,6883773.0,3241913.0
Industrial,28,68,15,13.49,42,6,1,43.27,2786475.0,11330890.0
Infrastructure,21,140,21,0.77,20,2,0,23.62,7564224.0,7443059.0
Commercial,36,165,9,4.97,29,9,0,22.21,7627582.0,1710549.0
Industrial,16,44,24,16.55,20,17,0,28.74,3514245.0,7085852.0
Infrastructure,21,198,12,19.71,16,5,0,25.63,5095281.0,6256680.0
Residential,13,102,5,16.17,39,12,0,26.19,3298732.0,10339272.0
Commercial,9,191,11,21.24,18,1,0,18.81,2957698.0,6602995.0
Infrastructure,45,106,8,23.81,14,10,1,37.96,746013.0,3435173.0
Residential,9,144,12,0.4,8,11,0,9.12,3209512.0,8269907.0
Infrastructure,30,85,3,18.56,9,16,0,24.56,5762715.0,6739618.0
Residential,8,58,23,38.54,43,14,1,37.27,515211.0,3180013.0
Commercial,37,103,10,20.76,30,8,0,26.21,3190581.0,7096720.0
Industrial,8,168,19,27.1,22,17,0,24.36,8873398.0,9947659.0
Residential,32,195,17,12.47,29,18,1,38.27,6139662.0,828566.0
Infrastructure,34,198,10,30.96,32,12,1,46.85,6274697.0,7754787.0
Commercial,37,33,24,30.92,8,17,1,39.28,4331961.0,4520230.0
Residential,24,157,20,20.85,0,14,1,33.93,6926485.0,3865722.0
Infrastructure,26,46,3,39.04,43,16,1,45.43,2304361.0,5014759.0
Infrastructure,10,13,17,5.02,34,14,0,19.71,8278095.0,4433261.0
Infrastructure,23,117,0,0.68,10,9,0,12.52,1608547.0,10070750.0
Residential,33,135,6,30.81,33,4,1,34.87,6732013.0,3660175.0
Residential,47,29,5,32.29,15,11,1,40.01,3740919.0,8931260.0
Residential,27,197,14,4.81,8,6,0,28.56,7601373.0,1581688.0
Industrial,26,161,17,10.62,31,15,0,27.31,5722763.0,11441058.0
Residential,11,59,23,0.7,14,5,0,25.68,4797354.0,7656641.0
Residential,6,186,10,11.73,11,11,0,9.97,2109513.0,8627264.0
Residential,10,188,19,30.93,32,18,0,23.94,6549804.0,3927452.0
Industrial,46,105,23,20.72,44,13,1,51.84,9760314.0,5239111.0
Residential,17,114,14,13.92,13,11,0,28.41,8343233.0,3073451.0
Infrastructure,31,173,15,14.87,7,14,1,30.27,1070078.0,11224165.0
Residential,39,126,6,0.05,7,18,0,28.4,4074179.0,6113201.0
Infrastructure,19,107,20,11.99,26,19,1,38.34,9293039.0,7750153.0
Infrastructure,31,75,9,25.86,11,15,1,37.58,5278916.0,8944128.0
Infrastructure,32,88,11,38.97,0,9,1,33.76,6790062.0,4767720.0
Industrial,14,171,23,33.88,42,8,1,33.33,9169694.0,8781169.0
Industrial,31,173,13,0.94,39,1,1,34.7,8801050.0,8273914.0
Industrial,27,15,24,35.94,41,4,1,46.69,5267294.0,8615082.0
Residential,35,48,4,31.33,10,14,1,34.97,4657640.0,6126144.0
Infrastructure,22,179,20,31.22,38,2,1,34.54,3727080.0,4903780.0
Industrial,31,124,17,18.32,42,16,1,38.03,7330685.0,3053945.0
Industrial,41,195,4,15.92,30,3,1,33.27,3226375.0,9983203.0
Residential,6,134,2,12.12,16,8,0,10.16,2873932.0,7496026.0
Industrial,13,21,22,2.63,32,6,0,19.95,3884374.0,5610050.0
Residential,40,140,4,9.13,31,16,1,34.6,2183543.0,11355953.0
Commercial,20,27,23,9.86,28,16,0,26.37,7103638.0,1050146.0
Industrial,27,49,16,19.36,20,7,1,31.63,6354286.0,10276977.0
Commercial,19,30,18,29.9,20,13,0,20.74,5087346.0,11972200.0
Residential,31,152,18,18.95,39,13,1,35.01,4208095.0,10699834.0
Infrastructure,33,108,24,2.31,22,5,1,37.4,9136094.0,9820021.0
Industrial,28,35,20,38.31,5,18,1,32.32,776676.0,4804519.0
Residential,19,17,11,37.71,21,15,1,34.37,7806524.0,3160113.0
Infrastructure,29,109,24,31.41,37,18,1,39.09,9068141.0,8950781.0
Infrastructure,7,96,8,39.65,36,2,0,29.87,4740369.0,4002617.0
Commercial,31,51,0,21.78,44,10,1,31.24,5731560.0,2524456.0
Residential,19,181,17,38.51,7,13,0,29.17,9472405.0,9545048.0
Infrastructure,12,23,20,3.02,40,18,0,25.18,2516636.0,4094252.0
Industrial,8,87,3,14.63,34,15,0,11.64,5441281.0,11016080.0
Industrial,28,11,9,9.02,10,12,0,29.02,5009851.0,10167275.0
Commercial,23,128,24,7.83,23,15,1,36.32,2954730.0,10247864.0
Infrastructure,43,46,6,5.63,20,13,1,30.16,8276636.0,9373052.0
Residential,40,78,21,24.9,1,18,1,41.25,9046206.0,10630136.0
Industrial,20,175,22,31.25,39,15,1,41.61,7928360.0,9766089.0
Infrastructure,30,50,0,23.13,18,11,0,27.08,2355910.0,7428881.0
Infrastructure,42,71,16,5.88,38,19,1,34.07,1324112.0,3901961.0
Commercial,33,69,23,32.44,27,3,1,49.29,6251723.0,10714406.0
Industrial,15,134,1,25.44,16,7,0,17.93,1042400.0,10166942.0
Industrial,44,120,10,15.53,5,14,1,31.03,6891846.0,5938112.0
Residential,22,23,8,26.97,18,14,1,36.09,5539030.0,949405.0
Industrial,44,93,6,10.4,37,13,1,40.36,6796464.0,7843253.0
Residential,27,139,21,13.81,27,12,1,34.27,6106622.0,1081864.0
Industrial,31,79,16,36.7,1,9,0,29.63,4515674.0,11152220.0
Commercial,30,154,16,11.62,37,1,1,36.65,2408333.0,11558759.0
Industrial,22,132,1,18.8,36,19,1,41.53,3404170.0,2679137.0
Residential,18,98,5,35.61,3,11,0,28.31,5482755.0,8278478.0
Residential,25,37,13,28.31,21,19,1,35.44,6692747.0,1561094.0
Commercial,30,75,5,2.49,25,18,0,29.1,7905089.0,8889445.0
Industrial,9,172,1,5.89,42,12,0,15.09,7788122.0,4493808.0
Industrial,15,14,0,0.31,35,1,0,13.34,9740543.0,8332076.0
Commercial,8,177,9,25.24,12,19,0,18.14,3215494.0,4788080.0
Industrial,46,193,20,17.91,31,17,1,42.28,1175552.0,2174026.0
Industrial,23,173,4,5.37,16,5,0,17.15,3783741.0,5170265.0
Residential,41,54,1,38.32,40,3,1,39.81,7561298.0,1795746.0
Industrial,27,160,21,21.19,35,2,1,34.32,4662061.0,7134158.0
Industrial,39,56,15,9.68,18,3,1,31.45,8268990.0,970943.0
Commercial,13,40,24,20.02,34,8,1,30.79,5718600.0,6564176.0
Commercial,45,148,1,27.18,39,16,1,42.16,9333021.0,10693239.0
Infrastructure,24,19,9,3.05,27,6,0,23.78,9504703.0,10135543.0
Residential,47,127,1,10.99,0,13,1,37.39,1158393.0,10651990.0
Industrial,46,23,15,32.28,41,16,1,49.85,4835928.0,11103561.0
Industrial,42,89,15,18.39,17,16,1,49.47,6292046.0,1702071.0
Infrastructure,11,102,18,21.86,39,3,0,28.98,2930789.0,1980593.0
Industrial,31,19,6,17.31,32,13,0,29.38,4367229.0,6905578.0
Residential,39,85,21,1.76,11,14,1,39.41,6937975.0,10780686.0
Infrastructure,11,103,11,6.63,7,8,0,13.85,2653975.0,11705019.0
Residential,42,114,23,17.82,23,12,0,29.98,6218823.0,1032012.0
Infrastructure,38,10,14,8.37,15,8,1,31.53,7125754.0,4591402.0
Infrastructure,27,142,7,2.0,3,9,0,17.77,1359715.0,2948284.0
Commercial,26,29,5,33.75,37,1,1,41.1,5226529.0,9193607.0
Residential,11,17,9,39.25,43,6,0,25.74,2999260.0,7862229.0
Industrial,11,180,2,31.73,26,19,0,21.91,7381670.0,1878712.0
Industrial,9,10,18,34.15,8,11,1,31.0,2300777.0,6060504.0
Residential,35,66,16,9.68,15,11,1,33.48,8976260.0,8382566.0
Industrial,16,73,6,38.43,11,13,0,25.08,4593943.0,9458562.0
Industrial,35,127,20,7.88,30,11,1,31.68,2381029.0,730606.0
Residential,36,37,19,38.06,23,18,1,45.9,4661207.0,10740400.0
Infrastructure,29,130,3,39.79,13,15,1,32.5,4383066.0,7046736.0
Residential,14,116,13,28.47,44,1,0,25.79,4574730.0,9836955.0
Infrastructure,8,174,19,39.25,24,7,0,25.16,6062832.0,9791287.0
Industrial,36,184,21,22.78,33,13,1,37.61,5451150.0,2683306.0
Industrial,45,174,14,10.38,2,12,0,28.74,1922883.0,1766979.0
Industrial,42,58,23,17.48,23,18,1,47.26,1123001.0,8794804.0
Commercial,41,129,7,23.74,41,19,1,45.67,7429447.0,2298910.0
Infrastructure,29,53,20,2.92,8,15,1,31.63,5817316.0,10274281.0
Commercial,36,65,14,24.89,25,8,1,37.49,3910507.0,8851179.0
Commercial,11,165,21,39.25,19,19,1,30.34,8179399.0,10180992.0
Residential,7,120,19,7.6,39,10,0,20.98,4186556.0,3938646.0
Commercial,25,143,13,31.7,9,7,1,35.19,8061668.0,4140878.0
Residential,33,117,8,36.32,18,18,0,27.83,3404683.0,8219048.0
Residential,16,198,7,37.75,2,16,0,22.11,1192030.0,861628.0
Commercial,9,157,16,38.41,23,6,0,23.12,9360077.0,8854713.0
Infrastructure,20,123,1,20.86,4,9,0,25.77,4248236.0,10111505.0
Infrastructure,11,87,24,39.09,2,13,0,26.09,8030579.0,5274381.0
Infrastructure,35,139,23,30.29,26,8,1,33.96,3151869.0,9296107.0
Infrastructure,43,46,2,6.47,15,16,1,31.2,6640469.0,2508026.0
Infrastructure,7,29,7,19.08,14,13,0,14.57,8796453.0,4205995.0
Commercial,20,35,11,28.73,34,13,0,28.8,895618.0,11704507.0
Commercial,16,38,0,9.89,11,17,0,12.33,8391040.0,11842774.0
Industrial,13,10,9,25.62,40,5,0,22.96,5927664.0,6394958.0
Infrastructure,31,128,19,26.66,43,17,1,45.54,6270982.0,11244103.0
Commercial,10,44,2,6.51,25,9,0,15.15,5470001.0,6511403.0
Industrial,11,68,5,22.6,33,2,0,20.25,8807513.0,3853263.0
Infrastructure,31,78,6,30.87,22,18,0,28.81,912617.0,3569342.0
Residential,9,170,19,19.96,30,9,0,24.08,2979770.0,11189316.0
Industrial,24,188,22,0.48,19,6,0,26.75,8819744.0,2483133.0
Commercial,25,21,24,0.36,11,11,0,27.2,7647284.0,7165773.0
Residential,38,29,17,14.28,22,6,1,36.41,667629.0,6888538.0
Residential,25,190,10,37.05,3,6,0,24.62,5411560.0,9005649.0
Residential,17,52,18,9.15,22,13,0,12.36,5530940.0,6241293.0
Industrial,6,135,4,25.37,0,11,0,22.61,4308380.0,3631285.0
Commercial,31,59,18,8.88,24,14,0,25.56,3325237.0,2448060.0
Residential,19,38,10,12.87,1,2,0,8.13,6976386.0,7639416.0
Infrastructure,43,194,23,33.92,29,8,1,48.65,2474009.0,8768394.0
Residential,42,48,11,29.15,2,3,0,26.98,8090011.0,7049495.0
Residential,16,193,9,3.82,20,3,0,13.2,8128853.0,8991040.0
Industrial,41,180,7,17.15,24,1,1,36.79,4444984.0,2127494.0
Industrial,18,187,23,1.17,19,19,1,33.39,3193706.0,10648407.0
Commercial,8,160,8,19.24,21,18,0,21.32,3196843.0,7197548.0
Infrastructure,38,181,3,26.5,20,17,1,32.8,5081768.0,1958705.0
Industrial,11,47,4,4.74,32,13,0,16.42,7336003.0,5812140.0
Residential,15,93,20,11.56,37,3,0,17.51,3909253.0,10215105.0
Commercial,10,160,7,15.91,14,1,0,13.28,6295412.0,10821965.0
Residential,28,137,22,36.78,14,4,1,34.92,4133602.0,3543469.0
Residential,15,135,8,39.73,24,13,0,29.92,3392970.0,8679557.0
Industrial,7,54,14,1.8,20,17,0,25.27,736165.0,1649830.0
Commercial,18,61,14,30.44,23,11,0,20.05,537184.0,885778.0
Infrastructure,45,89,15,14.87,4,2,1,32.53,2658473.0,6944588.0
Infrastructure,7,187,13,15.7,5,16,0,7.06,4360860.0,8490517.0
Industrial,25,133,7,30.17,42,2,1,30.83,8586981.0,9651547.0
Industrial,6,128,17,36.74,43,19,0,27.17,8085600.0,4412487.0
Commercial,42,17,9,38.04,22,19,1,35.96,3038070.0,575042.0
Infrastructure,14,94,19,23.08,3,16,0,28.51,2823134.0,6014471.0
Infrastructure,22,138,5,14.28,26,19,0,26.47,2659560.0,682316.0
Infrastructure,14,17,11,31.5,17,9,0,29.37,3722755.0,1557822.0
Residential,16,166,1,10.04,20,1,0,13.19,5232888.0,4256924.0
Infrastructure,20,105,6,22.56,27,10,0,25.73,4667344.0,5527479.0
Residential,29,111,15,14.34,34,19,1,42.18,2573595.0,3713899.0
Commercial,43,14,2,26.27,21,1,1,35.34,1739288.0,7191451.0
Residential,40,95,12,9.62,39,2,1,40.31,619489.0,1136523.0
Commercial,35,184,2,7.66,22,16,0,24.59,1962651.0,2162667.0
Infrastructure,36,43,17,36.73,2,12,1,41.62,7200886.0,8495472.0
Infrastructure,10,64,10,4.07,39,8,0,16.24,2814566.0,2134620.0
Commercial,19,128,7,20.24,9,18,0,13.16,4951717.0,7857415.0
Industrial,16,180,5,8.83,24,2,0,17.87,6117361.0,1128873.0
Commercial,14,167,0,1.56,7,13,0,8.43,8924989.0,5184896.0
Industrial,39,123,0,1.44,10,6,0,15.37,8944123.0,2540209.0
Residential,17,154,22,7.01,4,6,0,21.71,7584470.0,1760817.0
Residential,40,35,7,34.67,44,9,1,39.32,833991.0,7020877.0
Residential,40,145,4,11.3,36,16,1,50.39,5963169.0,11175861.0
Infrastructure,6,56,15,38.02,44,11,0,23.01,7972543.0,1130051.0
Residential,45,122,10,23.26,37,7,1,36.38,664236.0,5347874.0
Industrial,27,85,4,17.46,28,10,1,32.0,5722004.0,8636658.0
Residential,34,81,3,23.2,4,10,0,27.18,8648759.0,5820910.0
Commercial,13,98,5,20.67,8,18,0,22.94,5003970.0,9774703.0
Commercial,16,55,13,30.35,1,9,0,25.54,539009.0,2565921.0
Infrastructure,46,42,21,11.3,0,15,1,34.19,604627.0,11535333.0
Commercial,42,10,18,14.12,39,4,1,34.27,4458042.0,4929370.0
Industrial,19,156,8,35.76,29,8,1,35.78,1972582.0,4428051.0
Residential,35,40,11,37.86,10,9,1,30.39,6812281.0,10557967.0
Infrastructure,40,151,10,35.7,27,13,1,45.11,7233593.0,6984471.0
Residential,26,62,13,16.78,43,9,1,37.77,2189858.0,6439110.0
Residential,42,57,22,31.21,11,4,1,41.55,8941066.0,8860246.0
Industrial,10,78,15,19.05,38,17,0,24.75,4698125.0,7168094.0
Commercial,24,114,0,19.9,25,16,0,20.55,1857036.0,2368930.0
Commercial,19,99,12,8.19,12,15,0,23.44,7760390.0,8253273.0
Residential,31,199,22,23.65,7,3,0,18.03,8004758.0,2034892.0
Infrastructure,9,72,20,7.45,27,5,0,24.02,6573307.0,9767364.0
Commercial,30,82,20,13.26,29,5,1,34.13,8607923.0,11881971.0
Infrastructure,47,170,12,34.2,8,15,1,41.6,7505043.0,4839958.0
Commercial,30,178,1,8.28,38,18,0,29.55,8880955.0,5614693.0
Infrastructure,23,98,3,2.85,30,15,0,14.97,4621936.0,1033987.0
Industrial,45,185,5,2.76,20,2,0,18.33,7602173.0,657932.0
Infrastructure,13,22,22,37.63,33,13,1,36.88,9997640.0,11096322.0
Industrial,44,82,4,20.28,30,4,1,43.58,7386846.0,1979177.0
Industrial,45,86,24,16.38,24,10,1,34.7,1584746.0,5626456.0
Infrastructure,19,168,2,32.44,11,13,0,18.94,5424028.0,9876578.0
Industrial,37,77,0,33.43,0,10,1,34.31,6079804.0,10727166.0
Residential,43,107,3,13.29,21,9,1,34.63,2155001.0,6473073.0
Industrial,38,134,24,27.74,39,8,1,60.73,9647471.0,6997874.0
Commercial,28,111,19,30.84,36,3,1,43.92,2168008.0,8201366.0
Infrastructure,20,141,1,26.19,0,16,0,24.82,2186800.0,11555898.0
Residential,38,111,4,6.06,0,14,0,21.04,9194088.0,7430705.0
Infrastructure,30,28,2,35.04,41,9,1,38.83,4919452.0,6933965.0
Commercial,22,91,8,21.56,41,11,1,37.98,1100289.0,667143.0
Commercial,38,150,19,11.3,20,3,1,33.86,6182781.0,1430922.0
Commercial,7,32,5,17.01,14,5,0,13.46,6217350.0,7137474.0
Industrial,19,92,17,1.5,16,10,0,21.88,1112757.0,11266764.0
Industrial,45,118,5,5.11,21,13,0,29.35,9738964.0,10466951.0
Infrastructure,45,84,18,30.62,37,4,1,48.62,5668285.0,11799658.0
Infrastructure,44,138,11,0.0,34,13,1,36.69,5818059.0,6570091.0
Residential,11,97,24,16.66,44,12,1,37.43,5441096.0,9561206.0
Residential,11,63,10,20.9,15,5,0,18.43,6301952.0,10164604.0
Infrastructure,8,98,1,2.19,7,10,0,11.22,3010848.0,7952364.0
Industrial,12,152,14,38.92,16,9,0,26.7,3228793.0,4395624.0
Commercial,13,74,11,9.05,16,7,0,20.88,5357721.0,5904752.0
Infrastructure,47,85,11,12.17,25,2,1,36.25,8163516.0,10366046.0
Residential,20,152,8,12.16,12,7,0,23.21,973713.0,3933301.0
Industrial,34,158,20,9.22,16,8,1,35.81,6232340.0,11123046.0
Infrastructure,38,156,23,0.06,37,7,1,31.38,8164392.0,3142773.0
Infrastructure,35,69,1,29.17,16,14,1,37.82,1990714.0,9119439.0
Industrial,44,102,21,38.67,13,19,1,46.54,642714.0,7751431.0
Infrastructure,32,170,2,8.97,44,5,0,27.18,3470776.0,9120394.0
Industrial,41,58,11,26.52,5,18,1,33.14,6087365.0,5529497.0
Commercial,34,44,15,29.68,34,12,1,42.03,1813690.0,11225372.0
Industrial,43,181,20,33.94,13,17,1,44.78,4548163.0,7773430.0
Industrial,38,111,23,16.91,7,13,1,38.37,5747054.0,3815402.0
Industrial,42,20,0,12.12,14,2,1,30.51,6189389.0,7842233.0
Infrastructure,32,108,20,13.01,26,13,1,37.94,3106911.0,3798381.0
Infrastructure,38,119,2,28.5,12,7,1,46.25,4300282.0,3876773.0
Industrial,9,83,19,32.67,30,10,0,29.06,7894223.0,5095383.0
Infrastructure,27,183,1,7.26,34,6,0,20.49,9441540.0,10302950.0
Residential,7,18,8,14.84,5,3,0,2.37,8687863.0,6253426.0
Residential,15,12,18,36.08,4,3,0,20.58,5860693.0,8307360.0
Infrastructure,10,94,14,32.27,21,18,1,32.77,4397782.0,5007629.0
Infrastructure,15,35,17,39.39,22,11,1,35.38,3663088.0,3531463.0
Industrial,38,81,10,30.17,24,5,1,31.27,1687087.0,11478362.0
Commercial,43,57,24,15.73,33,19,1,57.41,1512237.0,7441184.0
Infrastructure,18,165,22,23.63,25,19,1,33.72,7039397.0,11240440.0
Residential,36,126,15,26.44,4,15,1,37.28,2968047.0,2839250.0
Industrial,41,163,21,3.14,25,16,1,48.39,2919286.0,2189283.0
Infrastructure,29,162,16,21.78,19,9,1,41.26,9982853.0,10341963.0
Residential,20,21,4,28.37,5,4,0,25.83,2285297.0,8330548.0
Residential,34,142,11,6.69,5,15,1,30.86,1906568.0,2645653.0
Commercial,13,57,10,31.23,17,12,0,29.4,1437510.0,3597637.0
Industrial,10,46,14,23.35,3,3,0,17.23,6008151.0,9707635.0
Industrial,34,53,2,38.09,16,14,1,36.27,6464706.0,5719489.0
Commercial,9,24,0,1.7,13,17,0,12.79,3969665.0,8211216.0
Commercial,17,52,19,10.61,13,19,0,23.5,5586427.0,4161048.0
Industrial,7,185,15,24.06,12,6,0,14.81,7989796.0,4884144.0
Industrial,32,96,1,11.86,6,4,0,20.97,8271990.0,11893194.0
Infrastructure,36,79,1,28.58,43,7,1,32.23,9600165.0,3347597.0
Infrastructure,41,55,2,30.36,14,19,1,36.71,8330546.0,6324248.0
Commercial,41,117,7,4.1,18,17,0,22.03,5865994.0,10210627.0
Infrastructure,31,132,23,20.55,42,16,1,43.04,2206741.0,3251067.0
Residential,32,180,14,20.36,43,15,1,30.34,1447754.0,5274958.0
Infrastructure,10,30,6,14.77,34,8,0,17.67,1017863.0,7573550.0
Infrastructure,25,160,5,37.32,16,19,1,34.19,6831995.0,6033664.0
Residential,16,116,8,33.1,34,8,1,33.02,8171594.0,5784276.0
Commercial,15,89,19,27.89,18,18,1,32.52,5332498.0,4668862.0
Residential,45,56,0,28.57,19,16,1,39.41,1019785.0,7246433.0
Infrastructure,43,126,7,18.47,35,19,1,34.34,5586970.0,7680286.0
Commercial,11,133,22,36.84,34,10,1,37.98,9389618.0,8012830.0
Infrastructure,13,152,22,27.78,31,17,0,26.2,6177325.0,1309233.0
Residential,28,34,2,29.16,43,13,1,39.78,8189561.0,7756893.0
Residential,31,45,3,34.47,39,13,1,40.17,8101450.0,11462228.0
Infrastructure,17,60,24,10.96,23,7,1,33.41,9355226.0,6721342.0
Industrial,31,24,14,32.28,16,10,1,35.66,7817173.0,8725571.0
Industrial,18,77,5,7.81,6,2,0,10.95,7603155.0,6902422.0
Residential,45,30,14,13.81,42,4,1,35.27,2723975.0,10329517.0
Residential,23,150,20,13.42,0,6,0,18.35,1069289.0,11190206.0
Industrial,30,28,2,39.14,34,18,0,28.98,5417195.0,2618529.0
Industrial,38,43,24,34.26,31,6,1,50.73,1682125.0,5523890.0
Infrastructure,45,87,20,28.05,35,17,1,53.81,9640861.0,5012394.0
Infrastructure,17,134,20,29.08,12,14,1,32.0,3254285.0,5159974.0
Industrial,41,126,13,22.48,5,11,1,35.18,8602970.0,1943528.0
Infrastructure,9,61,19,37.88,13,19,1,38.46,4182434.0,9856581.0
Infrastructure,10,36,13,19.85,36,2,0,23.0,3570345.0,911312.0
Commercial,42,166,3,15.22,14,3,1,31.85,9384006.0,6574606.0
Infrastructure,13,165,11,6.52,3,11,0,14.59,3951564.0,8111601.0
Residential,47,44,16,31.45,39,6,1,46.77,4207735.0,2885899.0
Infrastructure,33,145,6,29.38,15,14,1,36.16,1507872.0,10917277.0
Infrastructure,36,153,8,15.37,27,19,1,30.97,6869243.0,10143316.0
Industrial,14,115,2,1.01,15,16,0,9.84,3243974.0,5917463.0
Residential,34,173,12,33.56,3,7,1,37.16,6063240.0,5228213.0
Infrastructure,19,167,14,0.46,44,8,0,22.59,6117841.0,3220531.0
Infrastructure,45,155,17,28.15,25,19,1,46.3,7332397.0,8894922.0
Commercial,46,11,18,38.81,27,16,1,48.04,7579794.0,2015054.0
Infrastructure,27,186,0,17.51,31,7,0,26.33,5387298.0,8322734.0
Infrastructure,16,86,5,9.4,44,9,0,19.59,3644424.0,10188255.0
Commercial,28,141,22,28.19,1,13,0,29.91,8455784.0,3127423.0
Industrial,6,99,1,32.69,30,1,0,15.33,3443724.0,10463915.0
Infrastructure,42,98,23,21.86,2,8,1,42.67,5321336.0,883217.0
Commercial,26,103,13,38.68,7,4,1,32.78,4311900.0,10997055.0
Residential,31,16,5,2.07,23,3,0,28.21,8623245.0,1861166.0
Industrial,41,104,13,20.19,14,3,1,40.59,4603226.0,7926231.0
Residential,28,117,3,28.74,42,13,1,32.06,4167942.0,3375948.0
Residential,6,83,20,34.51,30,8,1,32.38,7053325.0,10120352.0
Commercial,45,48,7,7.17,8,7,1,30.62,6223191.0,6391454.0
Infrastructure,20,150,2,32.0,38,1,0,27.7,1518845.0,2055274.0
Commercial,26,168,18,22.11,44,16,1,43.99,5327604.0,7066403.0
Commercial,14,80,13,15.86,1,6,0,20.64,7487045.0,5190650.0
Commercial,14,65,19,5.27,7,7,0,16.51,9924710.0,8106650.0
Commercial,15,179,16,34.61,6,12,0,29.34,6476895.0,10641888.0
Industrial,31,198,24,6.29,43,9,1,30.43,4017784.0,5207975.0
Infrastructure,46,51,7,12.39,38,11,1,40.51,2648440.0,3833628.0
Residential,40,193,23,11.6,41,10,1,34.89,8791887.0,666924.0
Residential,30,45,13,34.86,15,1,0,29.16,8238370.0,7110649.0
Infrastructure,31,93,5,26.91,34,18,1,38.07,2722267.0,5126160.0
Residential,16,127,22,31.87,29,4,0,19.09,2406005.0,4808466.0
Infrastructure,43,16,21,10.02,9,5,1,44.71,7293799.0,2603756.0
Residential,7,63,15,24.99,37,9,0,29.47,3492045.0,5445636.0
Commercial,12,138,24,22.87,17,17,0,18.44,3410789.0,11821082.0
Residential,23,181,18,33.31,4,3,1,41.89,1946757.0,3924173.0
Infrastructure,32,129,13,36.24,28,16,1,53.39,3007767.0,7396601.0
Infrastructure,39,182,18,0.49,38,5,1,34.53,4561322.0,9429599.0
Infrastructure,32,115,2,26.96,33,16,0,29.47,7461964.0,9115315.0
Infrastructure,22,56,9,2.07,42,3,1,32.66,3694927.0,4280904.0
Infrastructure,29,132,18,21.95,44,15,1,37.4,3621741.0,7524891.0
Industrial,30,150,8,11.51,22,3,0,27.66,3206676.0,10519544.0
Industrial,12,128,19,12.27,4,14,0,25.69,5043695.0,677645.0
Residential,11,159,12,14.12,29,16,0,21.5,2216049.0,5510945.0
Infrastructure,29,127,6,24.85,5,17,0,26.73,5113492.0,3079144.0
Residential,38,30,13,13.36,43,18,1,33.16,7189668.0,4969271.0
Infrastructure,34,146,8,29.31,3,18,0,29.2,783010.0,5283880.0
Infrastructure,27,35,22,16.18,28,14,1,33.21,592904.0,9086716.0
Industrial,31,18,24,2.73,22,18,0,26.42,1213668.0,1578952.0
Industrial,33,24,18,31.35,5,15,1,30.48,5588771.0,6394715.0
Commercial,26,19,14,11.43,31,15,1,30.46,8617323.0,6988240.0
Industrial,12,131,19,17.31,41,6,0,18.27,546402.0,6182812.0
Commercial,22,130,13,27.42,17,15,0,25.44,9398282.0,8916542.0
Commercial,25,134,23,13.3,14,18,1,40.41,1509646.0,4913599.0
Commercial,46,179,5,2.26,39,4,1,33.09,8498844.0,11367121.0
Commercial,25,81,20,14.96,31,8,0,29.85,5087120.0,6040740.0
Commercial,27,161,3,37.78,8,15,0,28.25,6763895.0,7068960.0
Residential,33,58,7,25.67,36,3,1,33.42,5351488.0,9993604.0
Industrial,45,163,16,26.86,9,15,1,44.04,5031958.0,3665215.0
Commercial,12,100,8,25.29,19,13,0,24.79,8431545.0,1364823.0
Infrastructure,6,46,0,7.96,5,9,0,5.68,7680921.0,8639516.0
Industrial,37,77,23,16.73,2,2,1,32.5,5092321.0,6054636.0
Industrial,18,59,19,30.04,41,8,1,41.28,1560541.0,10809799.0
Commercial,35,161,24,4.05,10,17,0,25.02,1596328.0,11800821.0
Residential,28,28,13,11.11,42,13,1,32.53,8114625.0,5089758.0
Commercial,24,109,10,11.05,16,1,0,23.57,5529211.0,5277549.0
Residential,37,69,20,17.28,31,2,1,34.52,5075097.0,5191570.0
Infrastructure,35,176,2,39.21,3,15,1,32.64,6965385.0,4232372.0
Industrial,34,98,8,2.7,3,12,0,19.06,8658995.0,9489402.0
Infrastructure,34,155,13,20.75,16,14,1,36.94,6474295.0,9228451.0
Residential,35,156,8,7.17,40,2,0,24.94,7747055.0,6004416.0
Residential,21,173,3,38.83,18,18,1,34.87,7770070.0,1013604.0
Infrastructure,45,192,3,4.53,4,7,0,27.23,3884484.0,4059932.0
Residential,24,78,7,16.14,31,6,0,24.68,3103790.0,3861485.0
Infrastructure,23,184,1,29.52,21,14,0,22.14,8111059.0,9827503.0
Industrial,6,58,8,28.18,5,8,0,21.73,4083199.0,1507119.0
Infrastructure,19,117,13,16.91,34,2,0,23.63,9081692.0,9765267.0
Industrial,7,170,21,13.86,21,17,0,16.17,1162062.0,8195612.0
Infrastructure,33,128,8,15.9,0,5,1,30.84,1053066.0,8923077.0
Residential,35,158,23,10.57,19,14,1,31.05,9306540.0,5470452.0
Infrastructure,43,159,22,8.21,21,3,1,37.21,6660322.0,8316847.0
Residential,9,185,15,19.32,10,5,0,22.83,4106194.0,7503833.0
Infrastructure,6,46,16,10.74,12,16,0,17.54,7673074.0,9343272.0
Infrastructure,13,152,15,11.5,41,18,1,34.95,6887105.0,5637853.0
Commercial,34,172,11,26.27,2,17,0,28.06,5546410.0,5937495.0
Residential,44,169,2,38.74,8,11,1,37.21,1439297.0,7901127.0
Commercial,8,20,10,24.15,11,17,0,18.82,8215706.0,1742891.0
Residential,37,147,13,3.08,22,16,1,34.58,8727220.0,5516811.0
Commercial,15,87,17,3.02,13,2,0,24.39,2135603.0,11677435.0
Industrial,15,86,20,38.06,32,4,1,34.0,8579861.0,931852.0
Infrastructure,24,194,20,11.89,17,7,0,27.15,8839549.0,4134054.0
Residential,39,162,4,3.68,40,2,0,23.75,5719572.0,4112263.0
Residential,38,11,15,23.96,8,6,1,35.52,6733701.0,7784837.0
Infrastructure,28,73,19,24.95,22,17,1,32.47,4131255.0,1716704.0
Residential,33,44,4,25.94,9,7,1,32.24,3177021.0,7728256.0
Residential,37,16,2,10.7,18,5,0,25.41,7358840.0,1592963.0
Commercial,12,94,11,0.6,4,5,0,10.78,8687814.0,1591967.0
Residential,34,155,0,38.6,22,16,0,28.39,6713737.0,8874109.0
Industrial,13,76,20,10.04,29,19,0,16.4,5360111.0,4227554.0
Industrial,6,51,8,27.04,24,9,0,29.47,2009785.0,11740364.0
Infrastructure,8,127,8,28.27,27,5,0,22.32,1007858.0,929559.0
Residential,29,134,3,24.4,33,8,1,33.17,4734072.0,5618727.0
Infrastructure,28,176,2,12.52,44,9,0,24.45,968821.0,1801063.0
Industrial,13,178,16,10.84,24,5,0,25.83,5908679.0,4540858.0
Residential,42,33,1,23.91,9,10,1,35.95,4135927.0,11979558.0
Residential,8,197,23,34.64,13,2,0,22.02,7693297.0,10721689.0
Infrastructure,38,55,0,37.87,41,9,1,35.18,3403661.0,1055731.0
Industrial,33,28,7,4.24,29,11,0,24.6,6133336.0,6977442.0
Residential,13,77,12,6.19,40,4,0,21.49,5607993.0,7949957.0
Infrastructure,39,111,22,37.79,24,2,1,45.78,544768.0,2909648.0
Industrial,40,51,14,29.46,13,6,1,38.46,1187699.0,2168714.0
Infrastructure,37,41,7,35.32,34,14,1,47.54,3258498.0,10900383.0
Commercial,29,176,11,8.11,33,1,0,24.81,8881233.0,11641389.0
Residential,19,118,21,23.5,9,18,0,23.44,1896642.0,11906768.0
Commercial,37,45,11,28.05,34,7,1,39.49,7253496.0,9582260.0
Industrial,21,106,13,27.2,10,1,0,17.63,9746982.0,8130274.0
Commercial,9,173,14,16.33,10,1,0,20.44,8010392.0,4475898.0
Commercial,42,140,14,0.62,20,1,1,31.92,2807981.0,2471081.0
Industrial,26,82,8,23.32,20,4,0,26.35,9129470.0,1408277.0
Infrastructure,19,145,18,10.12,21,4,0,22.42,1384518.0,8472921.0
Commercial,36,106,19,18.01,44,18,1,46.88,4947348.0,9524319.0
Infrastructure,23,132,21,38.3,6,11,1,38.31,8931648.0,10004217.0
Commercial,12,79,7,15.96,16,1,0,15.76,6592024.0,11008298.0
Infrastructure,15,178,20,33.59,1,10,0,29.8,4429623.0,10619190.0
Industrial,12,22,18,7.54,11,9,0,22.9,3281722.0,11997025.0
Commercial,38,58,5,26.9,41,4,1,40.11,4063444.0,3306736.0
Industrial,28,69,19,39.08,17,6,1,36.56,5334947.0,9278038.0
Commercial,26,139,24,4.08,10,16,0,29.67,3530917.0,7244284.0
Industrial,24,197,18,0.33,15,2,0,17.4,9705195.0,3504319.0
Industrial,24,14,3,17.34,17,18,0,24.83,9364238.0,11791911.0
Commercial,41,181,22,3.71,34,10,1,37.6,8771379.0,10825828.0
Commercial,34,36,6,29.94,25,17,1,34.11,4507383.0,1977930.0
Commercial,23,169,3,36.58,15,13,0,20.07,7067367.0,800821.0
Residential,7,158,21,17.36,5,18,0,14.84,9076878.0,8415804.0
Infrastructure,6,17,11,10.35,43,13,0,18.15,8579080.0,7447502.0
Residential,10,59,12,17.38,42,17,0,29.92,4436107.0,11261880.0
Residential,25,76,2,28.94,41,5,1,32.71,1567667.0,3191061.0
Industrial,16,53,21,0.36,11,11,0,24.59,1218488.0,1470461.0
Commercial,47,134,11,23.58,12,7,1,45.17,5982108.0,3480976.0
Infrastructure,7,67,1,24.53,3,10,0,14.88,6604965.0,717668.0
Industrial,8,12,23,25.51,38,17,1,30.87,8573505.0,912767.0
Residential,28,95,1,9.68,1,15,0,15.07,3278893.0,11020865.0
Commercial,17,79,22,28.56,25,18,1,42.86,2090970.0,4548191.0
Industrial,25,139,8,3.66,26,19,0,17.6,4100555.0,5224304.0
Commercial,10,181,0,7.97,26,2,0,13.64,3858964.0,711274.0
Industrial,42,11,7,35.1,14,4,1,42.49,1758455.0,3611000.0
Commercial,43,111,22,29.55,7,3,1,45.52,6886685.0,9754349.0
Residential,35,44,5,0.55,6,7,0,16.57,5332573.0,7578146.0
Infrastructure,14,107,5,9.94,39,18,0,20.1,7350666.0,9168477.0
Residential,39,39,21,8.58,11,10,1,30.22,3850566.0,5642958.0
Infrastructure,40,125,24,10.83,12,7,0,26.46,3594171.0,4061886.0
Commercial,27,17,17,9.9,42,8,1,33.46,4989471.0,6052316.0
Industrial,29,159,16,2.5,16,6,0,22.22,8835370.0,4215317.0
Residential,22,53,11,18.36,16,1,1,31.94,882672.0,10148168.0
Infrastructure,15,195,5,29.31,35,4,0,29.06,8145912.0,3923248.0
Residential,35,45,7,24.27,20,14,1,34.09,4005382.0,8087282.0
Infrastructure,28,86,18,26.91,7,17,1,30.57,8618881.0,2075296.0
Residential,37,40,9,3.25,4,18,0,27.25,8120929.0,8398965.0
Infrastructure,22,56,0,38.06,25,11,0,27.97,3813232.0,11002947.0
Infrastructure,22,64,24,33.54,15,14,1,35.62,7091827.0,7498706.0
Commercial,19,115,12,32.2,35,9,1,41.69,2016511.0,6938337.0
Infrastructure,14,199,16,32.92,27,15,0,25.12,9014675.0,11552860.0
Commercial,45,167,2,37.31,28,12,1,41.64,4342665.0,7715060.0
Infrastructure,7,130,7,21.77,11,10,0,19.78,4828443.0,3484830.0
Industrial,30,64,13,8.01,36,19,1,30.48,7204711.0,3862497.0
Industrial,44,153,2,24.67,29,19,1,47.15,8297982.0,8611026.0
Industrial,14,21,15,29.72,22,6,1,30.37,2745256.0,8957521.0
Infrastructure,27,154,12,29.52,15,6,0,27.57,6782826.0,3990207.0
Commercial,9,153,19,20.86,13,8,0,22.69,4223981.0,4471456.0
Commercial,31,149,23,2.74,9,1,0,23.99,4002678.0,11897150.0
Infrastructure,34,145,16,14.84,6,17,0,27.5,7055245.0,1672454.0
Industrial,39,12,12,36.83,44,17,1,46.09,4178241.0,5153418.0
Industrial,28,153,5,23.38,36,15,1,38.87,3788031.0,1218147.0
Commercial,42,39,16,21.53,28,7,1,44.54,8440940.0,9942401.0
Industrial,16,32,13,10.75,2,19,0,19.1,1462123.0,1561977.0
Residential,11,101,16,14.74,14,3,0,23.23,6920980.0,8251085.0
Commercial,23,124,7,35.81,35,11,1,35.07,2862891.0,1149559.0
Industrial,26,113,10,26.66,18,19,0,25.41,647233.0,8237833.0
Commercial,47,127,19,31.5,12,9,1,43.85,2084261.0,10194925.0
Residential,41,14,0,18.17,41,10,1,35.89,6263285.0,5086448.0
Commercial,46,113,6,25.21,20,2,1,41.83,7236708.0,6504455.0
Commercial,43,117,20,9.94,36,1,1,37.37,700049.0,5117730.0
Commercial,39,74,20,28.22,26,16,1,38.91,846042.0,3955621.0
Commercial,22,130,16,17.1,28,18,1,30.21,9074150.0,9737529.0
Residential,42,39,9,17.7,19,17,1,33.26,1196405.0,3628030.0
Infrastructure,30,158,10,25.97,24,6,1,31.1,8994731.0,8813849.0
Commercial,43,93,21,37.45,5,14,1,43.85,2667576.0,2871266.0
Commercial,17,159,8,2.56,35,15,0,19.58,7530169.0,3373319.0
Industrial,28,41,8,32.99,1,14,1,34.25,3442466.0,4369303.0
Commercial,47,170,23,11.7,21,3,1,48.26,8658144.0,7275298.0
Industrial,27,25,4,17.76,31,19,1,33.78,7154321.0,5725857.0
Infrastructure,26,47,16,0.88,15,12,0,15.45,4317228.0,9069165.0
Residential,32,151,8,12.04,17,2,0,23.72,1224873.0,2956024.0
Residential,36,45,16,20.11,4,3,1,31.06,7460652.0,622731.0
Infrastructure,11,160,23,2.25,35,18,0,15.05,6360405.0,9430411.0
Residential,32,123,20,19.64,29,1,1,31.61,527661.0,9948967.0
Infrastructure,45,75,18,37.08,44,6,1,49.91,589489.0,1184022.0
Infrastructure,39,114,6,4.22,18,5,0,25.81,8183533.0,7525437.0
Infrastructure,17,94,22,30.58,22,1,1,30.85,2964298.0,4849378.0
Residential,12,11,8,16.39,33,19,0,16.24,6543270.0,9629800.0
Industrial,15,84,6,26.21,12,1,0,18.15,4815037.0,10555767.0
Infrastructure,22,76,12,10.41,42,16,1,30.24,8702585.0,10286543.0
Commercial,31,189,10,6.38,28,12,0,28.96,9211131.0,9437849.0
Residential,26,199,13,6.42,35,8,1,30.58,9969673.0,3594101.0
Infrastructure,33,160,18,2.82,21,16,1,32.93,1959999.0,9836731.0
Infrastructure,7,163,10,7.43,35,1,0,14.71,8698158.0,6635002.0
Commercial,6,64,12,26.57,8,4,0,18.3,3027203.0,1106701.0
Industrial,41,15,13,35.27,38,10,1,41.66,6112751.0,5754797.0
Industrial,31,172,12,32.57,18,11,1,34.04,5304842.0,11334816.0
Industrial,34,159,0,27.41,37,17,1,30.18,670887.0,10710383.0
Infrastructure,26,180,7,4.42,5,7,0,24.69,9361327.0,1676039.0
Infrastructure,16,152,11,11.57,14,12,0,18.86,1244107.0,9057457.0
Infrastructure,45,95,18,12.39,19,7,1,43.9,7038080.0,9766618.0
Residential,16,69,11,10.0,8,12,0,20.12,7957565.0,3620964.0
Commercial,41,110,7,20.6,31,15,1,33.81,8055235.0,5923499.0
Infrastructure,44,21,7,21.42,3,2,1,34.07,1787198.0,8676361.0
Commercial,45,58,20,14.28,17,14,1,44.42,4751915.0,5548977.0
Commercial,40,51,12,14.15,4,13,1,31.62,8379574.0,1797165.0
Industrial,39,175,11,33.14,19,4,1,39.05,3375452.0,8617648.0
Residential,29,91,15,31.57,22,14,1,33.59,4943612.0,10983845.0
Infrastructure,27,182,0,12.31,10,14,0,21.63,3091542.0,8003574.0
Industrial,10,44,12,36.55,36,16,1,31.06,4903738.0,9398709.0
Industrial,38,167,6,38.11,21,7,1,35.66,8934460.0,4621169.0
Infrastructure,41,167,4,13.07,3,19,0,24.35,4823680.0,2606780.0
Commercial,25,143,7,14.18,28,2,1,32.19,5781164.0,7891897.0
Industrial,24,76,24,20.23,43,10,1,40.44,4337775.0,4269369.0
Commercial,40,89,13,37.64,33,18,1,43.11,4871113.0,10390845.0
Residential,22,16,22,35.05,12,17,1,35.85,644155.0,1910223.0
Commercial,39,189,12,4.1,41,5,0,27.48,3195582.0,5484833.0
Residential,14,23,14,15.71,8,12,0,10.47,4647526.0,5062367.0
Commercial,31,82,22,22.13,41,6,1,45.41,6521071.0,11287619.0
Industrial,7,152,16,20.13,30,9,0,23.96,4775493.0,2261050.0
Industrial,14,158,14,7.75,6,1,0,15.95,3709262.0,613238.0
Residential,14,172,19,34.35,3,15,0,28.36,4186938.0,3237980.0
Infrastructure,45,75,17,27.08,18,6,1,58.42,2801787.0,9933184.0
Residential,22,100,17,33.52,41,19,1,42.81,9282696.0,2907201.0
Residential,6,139,1,34.35,29,18,0,16.63,5456561.0,3270098.0
Commercial,30,172,3,29.93,30,6,0,24.08,627390.0,1993836.0
Commercial,45,29,0,17.57,34,13,1,42.41,684739.0,8727516.0
Residential,47,19,3,24.42,20,1,1,41.34,9743136.0,1295503.0
Industrial,30,34,17,6.41,30,13,1,34.42,2603783.0,4308895.0
Commercial,44,34,4,26.95,18,7,1,32.91,8153279.0,3748735.0
Infrastructure,40,63,18,7.17,30,15,1,39.43,1053615.0,6884337.0
Commercial,8,42,14,27.76,31,12,0,21.83,9251046.0,8899787.0
Commercial,42,173,7,9.18,1,1,1,30.89,8806962.0,6628079.0
Infrastructure,35,104,19,4.7,9,15,1,35.35,5925385.0,11206799.0
Residential,43,23,16,6.61,1,4,0,28.36,585487.0,11441590.0
Infrastructure,39,74,0,0.08,1,13,0,27.82,2949203.0,4656851.0
Residential,17,119,11,28.75,23,5,0,27.4,4364815.0,9443324.0
Residential,24,89,18,29.3,16,2,1,33.95,4870609.0,8996216.0
Residential,42,63,14,20.6,31,1,1,33.08,3327948.0,10769093.0
Infrastructure,22,134,8,6.45,15,16,0,22.56,813005.0,5651352.0
Residential,15,189,6,3.34,15,6,0,11.44,6106210.0,6600442.0
Industrial,17,140,1,0.77,38,16,0,21.43,5479469.0,5281405.0
Infrastructure,21,178,8,6.63,30,14,1,31.01,3188506.0,10279335.0
Industrial,29,143,9,35.63,42,3,1,39.39,860772.0,3141577.0
Residential,24,34,1,9.66,23,15,0,17.74,9948645.0,3256654.0
Commercial,13,150,18,14.17,0,3,0,21.28,5078869.0,4784959.0
Residential,36,126,10,4.21,10,2,0,28.02,7682040.0,3148943.0
Industrial,26,145,12,8.89,20,1,1,35.13,4796983.0,6951579.0
Industrial,22,158,9,20.77,3,9,0,24.06,910118.0,2046636.0
Infrastructure,28,34,13,24.31,6,9,0,26.15,3441207.0,4182142.0
Commercial,42,88,17,9.81,25,7,1,40.92,3541046.0,11004614.0
Infrastructure,21,77,18,2.31,11,3,0,20.32,8464353.0,5206093.0
Industrial,11,182,21,15.64,30,18,0,26.95,6715185.0,9104688.0
Residential,13,197,8,9.37,16,11,0,12.51,3116584.0,1804815.0
Commercial,30,21,24,8.78,32,7,1,33.92,9693530.0,3346992.0
Residential,23,41,6,38.39,10,9,0,29.03,3554647.0,9784475.0
Residential,30,137,2,24.65,27,1,0,28.65,9983223.0,9274419.0
Commercial,17,105,19,22.28,31,14,0,27.66,9963555.0,4940793.0
Infrastructure,20,101,5,16.63,0,6,0,19.47,2316500.0,11475564.0
Residential,31,150,20,17.16,27,7,1,30.45,3471041.0,10972395.0
Industrial,46,40,1,21.64,41,10,1,34.48,5117420.0,11566459.0
Residential,31,87,5,27.86,6,7,1,32.0,6808956.0,5421019.0
Commercial,37,29,2,28.09,1,2,1,31.99,5516451.0,2770946.0
Commercial,15,155,15,6.87,41,4,0,17.66,9709694.0,7706574.0
Commercial,21,69,7,20.0,23,17,0,17.14,7377897.0,8374891.0
Infrastructure,12,143,1,16.48,3,1,0,7.25,2514426.0,1942581.0
Residential,22,169,16,34.82,43,10,1,37.11,1498427.0,9544555.0
Infrastructure,28,102,8,25.26,18,19,1,36.91,7039812.0,707693.0
Infrastructure,31,52,11,21.3,25,15,1,32.77,2005298.0,6051376.0
Commercial,26,139,2,4.62,10,10,0,15.08,7982930.0,4306687.0
Commercial,27,69,10,24.23,39,19,1,36.0,3454848.0,9013485.0
Infrastructure,12,160,0,4.69,42,12,0,16.99,3605486.0,4096748.0
Residential,19,40,22,13.49,10,16,0,19.29,602585.0,10008282.0
Industrial,20,14,12,5.71,44,9,0,19.68,7159607.0,7341965.0
Infrastructure,12,171,14,27.68,2,15,0,15.34,1576063.0,9629774.0
Residential,14,19,4,8.25,11,17,0,27.99,7842365.0,11877417.0
Commercial,13,98,20,15.67,2,14,0,25.42,5172744.0,8310321.0
Commercial,28,139,16,35.83,41,18,1,38.81,7950658.0,11826929.0
Residential,34,135,24,8.17,26,2,1,40.15,6047302.0,831618.0
Industrial,23,20,22,20.31,1,4,0,24.18,1283116.0,4388610.0
Commercial,36,187,23,16.77,15,18,1,43.03,7773697.0,1740313.0
Commercial,35,168,24,0.72,1,7,0,28.92,1163095.0,3516507.0
Commercial,44,65,5,31.71,29,13,1,38.44,5047666.0,10147211.0
Residential,40,92,20,2.76,19,15,1,38.24,2137318.0,871718.0
Infrastructure,23,146,21,18.97,37,1,1,33.76,7647184.0,6482104.0
Commercial,47,108,10,22.43,27,11,1,43.72,9160117.0,7021980.0
Infrastructure,44,158,17,25.14,24,10,1,43.96,5764199.0,6953238.0
Industrial,22,82,3,27.55,31,5,0,28.7,5507899.0,5965916.0
Commercial,19,165,2,10.13,9,16,0,21.49,7757650.0,9591934.0
Commercial,36,199,12,0.4,41,11,1,45.86,548249.0,2035746.0
Industrial,29,124,22,28.94,39,6,1,46.83,9218707.0,4071636.0
Commercial,40,16,8,21.43,32,9,1,38.88,2375764.0,7580850.0
Infrastructure,39,89,20,33.44,12,13,1,40.32,9849129.0,8445941.0
Residential,8,153,5,32.86,40,8,0,23.89,7494413.0,5147707.0
Infrastructure,42,106,11,33.73,41,14,1,39.79,7855386.0,10566770.0
Residential,45,13,1,19.4,36,1,1,40.28,6733928.0,5278174.0
Residential,31,13,2,13.35,15,17,0,20.95,4980800.0,5131926.0
Infrastructure,28,112,2,31.66,44,5,1,32.39,5930463.0,916384.0
Infrastructure,44,49,11,18.05,21,2,1,40.26,940827.0,6838125.0
Infrastructure,20,26,14,7.34,19,9,0,21.61,6427615.0,8649830.0
Infrastructure,9,110,8,34.2,42,4,0,24.39,6447932.0,1816039.0
Industrial,34,112,22,35.3,26,17,1,37.89,8966408.0,4012477.0
Commercial,27,133,7,18.65,40,17,1,38.43,5303735.0,9484455.0
Residential,30,61,10,3.03,15,18,0,21.37,1232872.0,4708074.0
Infrastructure,18,61,15,15.51,33,16,0,25.32,3408861.0,3278428.0
Infrastructure,23,173,24,32.14,31,8,0,28.86,6728479.0,8230308.0
Infrastructure,38,133,21,36.07,25,11,1,44.76,2772959.0,2762726.0
Industrial,21,175,3,8.14,24,18,0,19.89,3165014.0,10800009.0
Infrastructure,47,187,0,2.68,1,10,0,27.64,8294456.0,1714382.0
Infrastructure,7,72,23,35.09,11,13,0,20.75,6051037.0,8625323.0
Infrastructure,40,125,6,15.58,39,17,1,41.35,5331011.0,6244810.0
Commercial,47,71,1,21.67,8,18,0,26.01,3525294.0,10504190.0
Industrial,39,16,23,38.72,11,10,1,43.54,7443816.0,1951244.0
Infrastructure,35,164,4,2.66,25,16,0,28.11,3233325.0,8295792.0
Residential,18,101,6,25.93,8,5,0,21.92,7502103.0,7078628.0
Residential,18,23,3,2.96,9,13,0,15.6,1165964.0,6021037.0
Residential,23,95,4,15.02,31,18,1,30.38,8713143.0,6151184.0
Industrial,37,142,23,32.15,33,17,1,52.89,5245881.0,8802735.0
Industrial,37,192,0,17.34,19,9,0,28.62,4665826.0,11284029.0
Residential,40,139,0,39.89,38,14,1,37.31,6304722.0,1549394.0
Infrastructure,44,71,14,22.36,1,17,1,40.0,6429825.0,724280.0
Industrial,34,158,19,12.85,0,4,0,27.79,1754334.0,9765605.0
Residential,34,88,18,8.8,35,18,1,42.67,7684219.0,1743948.0
Residential,21,158,9,14.02,23,15,0,21.98,3121319.0,11847013.0
Infrastructure,15,147,17,14.9,26,11,0,20.94,9097138.0,7622505.0
Commercial,35,67,2,2.75,1,12,0,22.22,8269581.0,7984964.0
Industrial,30,129,10,14.78,30,9,0,22.23,3789527.0,2787255.0
Infrastructure,44,176,14,18.57,13,13,1,35.63,8173523.0,3263592.0
Residential,25,142,10,28.91,1,15,0,25.87,3885710.0,8082528.0
Residential,10,74,16,26.27,28,15,0,27.67,1459003.0,10961859.0
Infrastructure,6,22,16,28.35,14,5,0,16.07,9637938.0,11797491.0
Industrial,35,190,5,0.33,11,19,0,20.38,6699719.0,2777356.0
Commercial,8,91,4,8.71,36,14,0,23.01,4832946.0,2042376.0
Commercial,19,182,7,26.47,27,17,0,27.92,4278847.0,1148616.0
Residential,35,169,1,19.36,19,18,1,34.79,3584701.0,10485416.0
Industrial,9,173,15,0.21,38,3,0,15.64,9823752.0,3889221.0
Commercial,23,197,19,32.18,23,2,1,33.34,1780099.0,520838.0
Industrial,42,148,23,30.91,20,1,1,44.97,3490648.0,3073908.0
Industrial,30,158,11,21.94,9,10,1,38.12,5112228.0,4415072.0
Residential,6,61,5,2.66,13,19,0,9.68,5040996.0,11896341.0
Commercial,20,192,0,30.66,36,17,0,28.11,4977982.0,6520728.0
Infrastructure,14,126,3,23.35,17,12,0,25.81,2169946.0,2854210.0
Residential,20,35,16,31.28,23,1,0,28.63,1876859.0,4350411.0
Commercial,29,43,12,30.07,13,12,1,34.15,2920292.0,4298538.0
Commercial,9,61,17,32.12,33,17,1,34.48,9187998.0,726846.0
Commercial,17,121,4,20.72,11,3,0,16.27,1574003.0,2054605.0
Commercial,42,91,23,5.61,21,11,1,39.46,7695538.0,8494759.0
Commercial,42,189,23,26.85,5,17,1,50.41,7696710.0,1882886.0
Industrial,11,166,2,24.82,35,3,0,25.91,8192819.0,3153444.0
Residential,44,175,10,29.69,44,8,1,46.8,8922847.0,4533479.0
Industrial,29,51,12,6.8,35,4,0,28.02,2998844.0,9213952.0
Infrastructure,16,30,3,7.8,21,7,0,13.85,2633315.0,7197611.0
Commercial,18,51,13,35.62,13,14,0,24.34,4922304.0,8423500.0
Residential,39,150,21,30.0,15,14,1,49.49,3018347.0,7020642.0
Commercial,30,122,10,36.33,35,4,1,44.35,7475945.0,8361313.0
Residential,12,114,9,30.35,24,16,0,22.24,6541426.0,532685.0
Industrial,9,26,18,23.89,31,1,0,26.62,8812383.0,11205329.0
Residential,13,129,17,26.17,32,17,1,30.08,1286014.0,1775583.0
Infrastructure,25,146,5,35.57,44,10,1,41.54,9193292.0,5171865.0
Infrastructure,34,178,14,23.15,35,16,1,40.82,3286812.0,9366941.0
Residential,15,138,20,25.3,19,16,0,28.59,5161596.0,5505153.0
Residential,39,139,9,6.26,17,8,0,27.26,4666809.0,11388689.0
Residential,31,69,4,18.96,37,7,1,33.31,7722961.0,5877273.0
Residential,46,57,4,28.66,2,6,1,33.46,4493166.0,10561803.0
Infrastructure,8,38,9,10.84,22,16,0,18.3,9463755.0,9824523.0
Commercial,11,106,4,8.09,31,16,0,17.48,9074072.0,11781342.0
Residential,10,19,2,12.55,44,7,0,17.54,8785531.0,11155299.0
Residential,10,67,22,9.66,15,9,0,15.62,1176954.0,10828424.0
Infrastructure,28,197,5,8.6,4,14,0,24.16,8615452.0,8913450.0
Infrastructure,14,30,3,16.99,3,11,0,15.7,7925537.0,4720479.0
Industrial,40,37,17,36.31,20,14,1,52.79,1483373.0,1720442.0
Residential,25,43,8,20.28,39,7,0,25.62,1520436.0,8419418.0
Industrial,47,17,16,7.52,13,1,1,38.59,1461056.0,11754522.0
Infrastructure,40,196,12,3.08,38,13,1,35.07,607660.0,8855951.0
Infrastructure,23,186,14,27.85,30,3,1,42.46,5712026.0,11180388.0
Commercial,22,88,19,15.31,13,4,0,29.02,9747246.0,9749504.0
Residential,29,154,16,32.87,5,11,1,34.96,4667505.0,2375819.0
Industrial,8,197,12,26.38,11,2,0,18.63,5637196.0,3365843.0
Infrastructure,37,96,15,31.85,15,14,1,35.69,9695713.0,4431454.0
Infrastructure,40,97,21,10.88,16,12,1,38.23,2924231.0,2434995.0
Industrial,43,182,3,27.69,44,17,1,35.84,8655467.0,7188990.0
Commercial,18,78,4,10.56,22,12,0,13.26,5690709.0,11717681.0
Infrastructure,30,169,4,37.56,13,12,1,37.56,5910027.0,9256777.0
Residential,14,181,8,25.45,6,1,0,10.44,3760152.0,5368948.0
Infrastructure,9,96,16,12.98,31,13,0,20.81,5835051.0,551802.0
Residential,19,110,12,10.78,14,14,0,16.93,1194854.0,4102674.0
Industrial,42,17,1,7.64,43,2,1,31.38,7764114.0,6557732.0
Residential,39,86,12,27.79,16,12,1,38.77,3204534.0,4228885.0
Industrial,16,96,21,8.75,40,16,1,33.76,8932279.0,1776902.0
Residential,46,52,20,23.81,43,4,1,53.79,3994582.0,5591797.0
Industrial,8,138,22,10.59,33,8,0,18.6,1856829.0,3412407.0
Residential,33,118,18,26.48,4,2,1,30.6,7110875.0,10956172.0
Commercial,34,188,2,32.6,44,10,1,58.55,2063492.0,1670177.0
Residential,14,161,9,31.12,26,9,0,25.08,7659965.0,1065255.0
Residential,8,161,1,30.43,22,15,0,15.54,9697066.0,561113.0
Commercial,30,26,12,7.51,39,13,0,28.22,7905752.0,4272801.0
Infrastructure,39,142,18,3.54,13,17,1,31.63,713268.0,8094449.0
Infrastructure,17,157,16,27.96,14,16,0,26.08,6198915.0,8899758.0
Residential,47,30,20,14.73,42,2,1,43.88,7106401.0,5712509.0
Commercial,14,67,13,17.29,32,14,0,25.4,8341854.0,8369779.0
Residential,20,168,11,1.25,30,3,0,21.15,1032022.0,4639011.0
Industrial,45,119,20,10.38,34,12,1,37.57,5061024.0,8179772.0
Industrial,30,148,11,1.35,16,8,0,26.2,5586023.0,966854.0
Residential,10,189,10,35.17,27,2,0,25.76,2106686.0,4993659.0
Infrastructure,16,152,6,9.74,18,4,0,20.09,3563273.0,9594771.0
Infrastructure,39,144,3,22.29,22,14,0,25.7,4682106.0,9734569.0
Residential,29,37,18,1.56,31,16,1,31.31,8415492.0,8735711.0
Residential,20,60,0,26.67,39,19,0,18.67,9329372.0,2848744.0
Industrial,43,195,23,12.92,12,2,1,36.67,6470017.0,3342859.0
Infrastructure,13,14,2,35.92,19,12,0,26.89,4251979.0,11955020.0
Residential,10,14,12,35.52,34,14,1,34.14,2913295.0,1688847.0
Industrial,31,103,14,13.01,4,6,0,28.52,9830284.0,2577621.0
Infrastructure,23,105,1,36.04,8,13,0,29.77,9838690.0,1995302.0
Commercial,11,17,10,39.85,28,4,0,26.04,9287281.0,4268032.0
Industrial,42,73,3,33.02,5,18,1,33.61,7963857.0,2917022.0
Infrastructure,18,147,18,33.79,24,12,1,46.03,3594906.0,6223412.0
Infrastructure,33,47,16,9.96,30,19,1,38.69,8261505.0,5974238.0
Industrial,10,120,2,23.07,21,8,0,12.21,4383534.0,10867315.0
Commercial,18,121,17,2.69,1,7,0,8.96,3604344.0,899509.0
Industrial,22,90,7,3.8,44,16,0,23.7,7576221.0,4178615.0
Infrastructure,45,145,21,39.96,4,19,1,52.43,1256712.0,7361566.0
Residential,37,113,24,13.07,26,6,1,38.38,961346.0,7455220.0
Residential,34,162,23,29.93,24,11,1,30.37,4755560.0,6021452.0
Industrial,8,82,18,32.27,7,5,0,21.74,4733569.0,9880154.0
Infrastructure,45,187,4,34.32,0,16,1,37.22,9008619.0,1221305.0
Residential,39,58,6,39.91,19,7,0,27.13,1698454.0,9878109.0
Infrastructure,45,45,20,9.66,43,5,1,43.18,1671197.0,6189674.0
Industrial,32,135,7,1.61,22,11,0,20.48,1900800.0,2038248.0
Residential,18,77,4,16.45,31,15,0,14.71,782494.0,10685572.0
Infrastructure,38,87,16,5.2,10,3,1,37.75,1181452.0,7966131.0
Residential,11,114,4,0.9,38,5,0,10.44,6768764.0,2380775.0
Industrial,29,178,3,14.42,23,5,0,22.44,4600051.0,886972.0
Infrastructure,24,131,21,31.35,10,9,0,29.5,7754229.0,2122761.0
Residential,21,128,18,22.65,28,15,1,31.97,9929678.0,7501177.0
Industrial,45,199,20,12.51,25,3,1,48.9,6760829.0,2561907.0
Residential,33,123,1,26.17,15,6,0,23.18,979328.0,3096275.0
Residential,38,19,10,9.28,34,17,1,33.72,1493347.0,789107.0
Commercial,46,158,21,0.58,19,8,1,37.41,8869539.0,8813703.0
Commercial,18,173,12,30.57,2,11,0,20.48,5511211.0,9819191.0
Industrial,30,149,14,24.95,0,6,0,27.5,8335953.0,9663754.0
Commercial,47,100,11,30.49,0,8,1,41.72,8637817.0,1967034.0
Industrial,41,11,21,1.56,16,10,1,30.37,9312908.0,10887963.0
Commercial,32,127,20,33.48,1,3,1,33.09,9523377.0,8231207.0
Residential,43,22,21,24.78,28,14,1,42.9,5770845.0,10821579.0
Industrial,12,190,10,22.54,19,14,0,21.79,3739692.0,5642346.0
Industrial,10,169,6,24.98,5,10,0,18.42,9637716.0,5524981.0
Residential,36,104,4,34.58,7,12,1,36.46,5700361.0,9522170.0
Industrial,28,153,16,23.48,28,6,1,43.66,1110401.0,1572925.0
Industrial,47,41,23,23.24,32,12,1,34.68,6606377.0,6490051.0
Commercial,15,41,19,39.63,2,14,0,28.14,6083005.0,10118419.0
Industrial,37,133,8,30.27,34,2,1,31.58,9010032.0,10047214.0
Infrastructure,35,20,13,17.69,4,9,0,28.41,6705278.0,11495528.0
Residential,44,19,11,28.3,26,10,1,46.38,3815998.0,8530135.0
Commercial,36,24,5,15.57,43,17,1,42.01,9679144.0,2889362.0
Commercial,23,26,16,9.16,11,17,1,31.27,8115385.0,733224.0
Infrastructure,41,177,18,23.87,19,3,1,45.62,6488967.0,6013282.0
Residential,7,155,18,37.13,44,19,1,31.84,3282789.0,6407594.0
Residential,19,192,15,37.17,19,1,1,37.59,4048633.0,3263020.0
Commercial,18,162,11,13.68,8,12,0,28.69,6864714.0,1934021.0
Industrial,34,68,11,21.11,38,7,1,37.33,1183818.0,7241394.0
Commercial,17,87,19,8.47,3,4,0,25.5,2938466.0,9288940.0
Residential,44,133,5,39.83,18,10,1,41.8,7282059.0,11921272.0
Infrastructure,7,123,22,39.24,37,13,1,39.75,5060176.0,9220480.0
Commercial,37,31,3,25.98,26,2,1,32.83,4322739.0,9626773.0
Residential,18,167,5,32.18,44,10,0,27.91,1938847.0,7589300.0
Commercial,32,181,10,28.6,42,4,1,32.3,4697566.0,11838111.0
Industrial,46,41,0,23.73,12,18,1,34.86,7821574.0,7859498.0
Commercial,22,188,23,2.13,12,5,0,24.17,3008122.0,10392913.0
Commercial,45,183,22,18.19,21,19,1,38.99,551286.0,11376523.0
Residential,36,122,14,26.99,27,2,1,36.5,6850797.0,11193373.0
Residential,39,129,10,27.1,44,12,1,39.86,9739953.0,4886276.0
Residential,29,158,24,14.92,21,17,0,29.52,6264852.0,1404614.0
Commercial,40,131,18,37.67,42,10,1,53.71,1639258.0,2476548.0
Industrial,11,41,17,6.69,18,2,0,24.02,3546964.0,1181068.0
Infrastructure,24,128,16,20.01,7,6,1,31.81,8742595.0,1712065.0
Infrastructure,35,48,18,27.64,7,8,1,35.25,2709397.0,2623489.0
Residential,12,21,20,27.89,41,19,1,32.58,6273111.0,4422585.0
Residential,15,184,13,25.95,25,11,0,21.53,4325376.0,6750706.0
Commercial,46,27,17,11.01,25,12,1,42.21,2474515.0,8684344.0
Infrastructure,37,158,18,6.25,22,9,1,34.27,8227365.0,2925664.0
Residential,39,150,14,25.44,42,2,1,56.06,7556897.0,8234008.0
Industrial,33,158,14,23.97,12,8,1,38.46,6785115.0,8598979.0
Industrial,20,135,3,7.17,27,11,0,22.05,2745198.0,6924157.0
Residential,35,145,6,28.21,8,4,1,30.83,1429642.0,10891606.0
Residential,42,55,12,18.21,19,10,1,41.89,5973514.0,1776440.0
Infrastructure,34,113,2,26.71,18,16,0,27.49,5759939.0,2536897.0
Infrastructure,27,144,15,33.49,38,8,1,44.03,2289658.0,5429645.0
Commercial,9,160,8,6.79,11,4,0,6.99,1034344.0,1957196.0
Infrastructure,25,95,7,0.77,14,10,0,17.12,1266730.0,7012406.0
Industrial,37,159,19,31.16,30,12,1,34.05,9931324.0,5081605.0
Industrial,41,98,12,24.39,13,14,1,40.59,7944047.0,3772852.0
Residential,9,31,16,27.99,10,16,0,24.33,9258881.0,2454883.0
Infrastructure,32,101,16,33.53,25,18,1,37.17,2353020.0,4356390.0
Commercial,22,38,16,32.11,41,12,1,32.15,9625401.0,7491533.0
Industrial,17,22,0,38.44,26,18,1,34.73,1855216.0,7121530.0
Industrial,27,11,7,21.44,10,7,0,25.33,5336277.0,2381676.0
Commercial,22,38,18,19.54,37,7,0,28.51,8382109.0,1936578.0
Commercial,15,189,5,16.08,33,9,1,31.84,3823132.0,806783.0
Industrial,6,36,2,6.15,42,1,0,10.96,4535871.0,642894.0
Industrial,27,59,4,22.9,18,6,1,32.48,1717759.0,10617820.0
Commercial,31,104,12,11.08,5,6,0,19.97,1667758.0,1018522.0
Industrial,23,160,14,36.85,37,12,1,35.41,6385898.0,8909043.0
Residential,19,97,13,23.33,41,12,1,33.98,6917558.0,10527829.0
Residential,34,53,22,23.71,27,10,1,39.43,7884659.0,1627665.0
Commercial,17,31,15,14.2,0,6,0,20.71,5788480.0,5517466.0
Infrastructure,41,180,17,2.08,34,17,1,34.58,6634713.0,11566484.0
Commercial,40,174,21,1.27,39,19,1,31.28,628414.0,10092595.0
Commercial,17,198,21,16.93,7,18,1,32.79,2040622.0,6131596.0
Infrastructure,12,106,10,3.38,6,6,0,10.58,9856690.0,9269568.0
Infrastructure,34,193,2,24.27,10,19,1,31.56,1221938.0,10083843.0
Infrastructure,16,12,21,35.24,38,10,1,39.14,6948488.0,4502310.0
Residential,38,127,9,35.32,3,8,1,36.91,2172785.0,10759759.0
Industrial,11,28,9,26.36,24,6,0,19.02,7308827.0,5910443.0
Residential,20,32,20,8.45,11,7,0,29.33,7206909.0,6569785.0
Industrial,37,166,15,34.52,25,1,1,42.95,2724891.0,11996638.0
Residential,16,39,11,35.44,37,18,1,33.74,3061527.0,10197984.0
Industrial,28,48,1,7.87,11,12,0,21.9,6720322.0,4660355.0
Residential,31,117,8,29.5,42,16,1,46.81,4205817.0,618974.0
Infrastructure,39,120,23,11.46,36,10,1,37.18,2348206.0,7701002.0
Commercial,39,34,2,32.11,23,10,1,38.62,7450956.0,8595004.0
Residential,34,137,23,39.89,15,14,1,40.41,1964401.0,7984231.0
Industrial,9,120,24,1.2,12,10,0,8.02,8628615.0,11630417.0
Infrastructure,22,145,14,35.89,24,10,0,23.71,5389360.0,10424167.0
Residential,40,115,2,24.91,3,11,0,25.96,1504156.0,5661564.0
Residential,18,195,18,38.94,10,2,0,26.76,7093687.0,1222861.0
Infrastructure,46,153,17,18.6,31,8,1,53.98,5432049.0,5974676.0
Residential,44,81,7,33.9,6,7,1,41.28,3331547.0,8426306.0
Commercial,20,138,16,2.5,10,8,0,24.11,4514124.0,7488663.0
Residential,34,117,7,13.41,27,1,0,26.7,3334209.0,6688576.0
Commercial,34,14,6,2.68,40,2,0,29.32,2998745.0,5891418.0
Commercial,16,12,6,39.01,22,18,1,40.47,2054280.0,3878262.0
Infrastructure,37,141,2,32.68,44,15,1,34.43,3946288.0,3689488.0
Residential,7,113,0,34.1,22,1,0,20.68,2884378.0,6252662.0
Infrastructure,19,73,3,37.52,27,5,1,36.36,6992628.0,2346936.0
Residential,25,115,24,3.4,42,2,1,36.52,6996829.0,4417882.0
Residential,27,107,4,15.42,25,3,1,34.57,5267482.0,4225762.0
Industrial,16,19,0,2.84,24,19,0,17.43,7890473.0,7252027.0
Residential,32,158,14,8.43,28,18,1,35.31,8492727.0,1266846.0
Infrastructure,8,137,4,9.17,18,18,0,14.82,6007781.0,10041190.0
Commercial,22,55,12,18.76,32,14,1,32.4,6379884.0,6967351.0
Residential,33,164,7,10.74,35,8,0,26.46,3187416.0,8214507.0
Industrial,34,75,7,4.04,13,12,0,29.61,9001257.0,8585580.0
Infrastructure,26,178,4,6.7,13,10,0,22.37,729957.0,3852068.0
Residential,21,121,8,5.89,34,17,0,24.94,3811723.0,5909273.0
Infrastructure,42,22,0,38.92,29,11,1,49.46,7357104.0,11496828.0
Industrial,25,146,3,30.37,27,2,0,27.58,1260850.0,9317110.0
Industrial,11,173,2,38.71,16,4,0,27.83,2240111.0,11649904.0
Infrastructure,24,95,1,17.59,2,1,0,25.21,6098214.0,9081925.0
Residential,10,99,7,11.13,15,15,0,20.33,5819940.0,2519402.0
Commercial,8,67,22,31.93,29,13,0,24.6,7519819.0,1242163.0
Industrial,6,63,8,13.05,28,8,0,18.44,8219820.0,7143107.0
Residential,43,21,1,11.98,44,4,1,45.46,1721506.0,4614853.0
Residential,20,23,13,9.3,14,10,0,13.04,674619.0,3667766.0
Commercial,39,130,13,5.19,24,19,1,32.98,7051566.0,9782926.0
Industrial,40,171,3,10.26,37,18,1,40.5,3363222.0,4720423.0
Industrial,30,190,5,14.21,41,5,1,30.01,6446847.0,4145511.0
Residential,29,130,10,26.96,37,19,1,40.77,1930174.0,10274857.0
Residential,17,29,2,2.5,22,16,0,23.8,4955880.0,10232304.0
Commercial,23,84,7,8.42,24,1,0,23.22,5292035.0,4598216.0
Commercial,20,153,2,32.36,41,12,1,33.12,6058239.0,10073735.0
Industrial,21,79,13,5.88,6,2,0,19.48,5375115.0,10283953.0
Infrastructure,32,65,12,13.71,21,8,1,31.97,5209062.0,5375201.0
Industrial,13,110,12,34.59,16,18,1,37.61,3660974.0,1264441.0
Residential,30,195,1,6.2,17,16,0,22.94,1176212.0,518223.0
Industrial,22,141,12,3.31,40,5,0,23.81,1350442.0,6517863.0
Infrastructure,34,120,18,19.38,9,13,1,38.91,4620894.0,4456868.0
Commercial,13,134,5,12.1,9,19,0,12.24,3880035.0,11967017.0
Infrastructure,20,141,15,22.54,6,3,0,21.3,5403281.0,9382726.0
Infrastructure,32,29,1,32.15,37,8,1,32.05,3395963.0,9254668.0
Infrastructure,12,147,7,5.49,26,12,0,15.94,7035146.0,11485292.0
Commercial,8,33,16,23.23,32,2,0,22.72,8707571.0,10708831.0
Infrastructure,34,163,22,20.22,0,11,1,36.89,3339200.0,4159156.0
Infrastructure,29,46,1,5.76,43,12,0,25.6,2333348.0,2408853.0
Infrastructure,8,63,9,24.96,33,18,0,27.58,1603715.0,9077761.0
Residential,25,112,15,10.95,3,13,0,28.48,6354413.0,4850150.0
Infrastructure,20,158,5,19.51,16,5,0,18.7,4716632.0,5941485.0
Commercial,30,47,1,3.29,3,12,0,23.3,2286149.0,7749574.0
Infrastructure,35,183,1,18.38,42,2,1,37.44,6704799.0,10940536.0
Infrastructure,19,13,12,12.26,25,5,0,14.89,1910590.0,5319509.0
Commercial,12,197,23,32.9,3,7,0,27.69,5765857.0,9508144.0
Infrastructure,22,66,14,2.28,0,12,0,16.36,5507910.0,3585908.0
Commercial,25,182,1,16.74,6,16,0,28.13,7475164.0,8526676.0
Infrastructure,41,29,6,18.34,29,8,1,33.32,1023542.0,518163.0
Commercial,14,26,2,29.0,8,9,0,12.77,8934793.0,10522333.0
Infrastructure,43,128,7,22.97,34,15,1,40.44,7178421.0,849365.0
Infrastructure,27,80,22,26.69,7,5,0,27.86,2553197.0,8696668.0
Residential,7,13,13,31.08,23,13,0,28.32,2242351.0,1031969.0
Residential,29,23,23,34.49,18,5,1,34.26,4600772.0,3561826.0
Infrastructure,13,12,22,12.56,35,11,0,27.07,8266871.0,6217828.0
Infrastructure,16,89,21,21.52,42,10,1,40.04,8508025.0,5329295.0
Industrial,18,195,6,33.6,26,13,1,34.02,5444333.0,2706115.0
